claim_type,amount_requested,doc_confidence_score,consistency_score,days_since_incident,has_police_report,has_medical_cert,prior_claims_count,label
LIFE_DEATH,77561.12,0.937,0.987,1,1,1,1,APPROVE
PROPERTY,54464.66,0.75,0.802,8,1,0,0,APPROVE
AUTO,31042.8,0.946,0.866,2,1,0,0,APPROVE
PROPERTY,334000.35,0.738,0.79,19,0,0,2,ESCALATE
AUTO,192948.0,0.271,0.15,71,0,0,3,REJECT
AUTO,17705.56,0.99,0.956,3,0,0,0,APPROVE
PROPERTY,1113949.95,0.379,0.15,77,0,0,4,REJECT
AUTO,83251.06,0.711,0.58,79,0,0,2,ESCALATE
AUTO,5649.78,0.865,0.813,13,1,0,0,APPROVE
AUTO,128679.43,0.644,0.696,44,0,0,2,ESCALATE
PROPERTY,97383.66,0.932,0.925,1,1,0,1,APPROVE
LIFE_DEATH,183126.02,0.951,0.97,22,0,1,0,APPROVE
PROPERTY,48683.56,0.986,0.8,1,0,0,0,APPROVE
PROPERTY,21962.45,0.795,0.988,2,0,0,0,APPROVE
PROPERTY,67099.72,0.829,0.927,11,1,0,0,APPROVE
LIFE_DEATH,249309.89,0.871,0.926,3,1,1,1,APPROVE
AUTO,18009.89,0.798,0.909,16,0,0,2,APPROVE
PROPERTY,1141791.43,0.2,0.251,52,0,0,2,REJECT
PROPERTY,70534.85,0.809,0.829,3,1,0,2,APPROVE
PROPERTY,73624.77,0.798,0.952,4,1,0,2,APPROVE
LIFE_DEATH,1260818.74,0.2,0.15,34,0,0,4,REJECT
PROPERTY,80567.68,0.773,0.993,9,1,0,0,APPROVE
AUTO,157322.65,0.277,0.365,135,0,0,6,REJECT
LIFE_DEATH,525454.87,0.745,0.732,32,0,1,1,ESCALATE
PROPERTY,77465.66,0.75,0.959,1,1,0,0,APPROVE
AUTO,23097.28,0.985,0.967,3,0,0,0,APPROVE
PROPERTY,15944.59,0.938,0.993,16,0,0,0,APPROVE
PROPERTY,44464.06,0.772,0.8,7,0,0,0,APPROVE
LIFE_DEATH,152494.93,0.846,0.857,5,0,1,0,APPROVE
PROPERTY,48109.72,0.986,0.8,4,0,0,0,APPROVE
AUTO,30214.67,0.925,0.8,8,1,0,0,APPROVE
LIFE_DEATH,248628.89,0.984,0.8,6,0,1,0,APPROVE
AUTO,32322.28,0.75,0.882,7,1,0,1,APPROVE
PROPERTY,1144736.22,0.395,0.15,135,0,0,5,REJECT
AUTO,13914.14,0.75,0.926,2,1,0,1,APPROVE
PROPERTY,89921.1,0.84,0.958,5,1,0,0,APPROVE
AUTO,376096.32,0.625,0.266,63,0,0,2,REJECT
PROPERTY,61983.12,0.804,0.983,22,1,0,1,APPROVE
LIFE_DEATH,1309087.87,0.2,0.525,95,0,0,2,REJECT
LIFE_DEATH,255664.03,0.75,0.967,1,1,1,0,APPROVE
PROPERTY,516687.39,0.748,0.654,15,1,0,1,ESCALATE
PROPERTY,42632.6,0.931,0.87,11,0,0,1,APPROVE
AUTO,326450.45,0.2,0.15,70,0,0,6,REJECT
AUTO,25139.1,0.849,0.934,9,0,0,0,APPROVE
AUTO,49085.17,0.951,0.92,1,1,0,1,APPROVE
PROPERTY,999144.08,0.342,0.336,82,0,0,3,REJECT
AUTO,74161.73,0.902,0.994,3,1,0,1,APPROVE
AUTO,25654.78,0.838,0.805,22,1,0,0,APPROVE
LIFE_DEATH,1252489.71,0.253,0.45,31,0,0,2,REJECT
PROPERTY,199613.72,0.845,0.76,47,0,0,2,ESCALATE
PROPERTY,66730.95,0.914,0.886,1,1,0,0,APPROVE
LIFE_DEATH,877010.52,0.2,0.457,105,0,0,4,REJECT
AUTO,24528.4,0.901,0.801,11,0,0,1,APPROVE
AUTO,26553.76,0.802,0.801,1,0,0,0,APPROVE
AUTO,8132.19,0.761,0.897,1,0,0,1,APPROVE
AUTO,20456.82,0.982,0.813,1,0,0,0,APPROVE
PROPERTY,77487.49,0.836,0.943,4,1,0,1,APPROVE
PROPERTY,102242.43,0.821,0.967,1,1,0,1,APPROVE
AUTO,235989.92,0.471,0.15,101,0,0,4,REJECT
AUTO,4748.18,0.91,0.876,11,1,0,1,APPROVE
PROPERTY,419908.93,0.74,0.664,22,0,0,3,ESCALATE
PROPERTY,113849.46,0.926,0.942,4,1,0,0,APPROVE
AUTO,36075.83,0.784,0.8,5,1,0,0,APPROVE
PROPERTY,424398.08,0.78,0.733,14,1,0,3,ESCALATE
AUTO,21571.13,0.753,0.982,5,1,0,0,APPROVE
PROPERTY,36316.55,0.912,0.803,25,1,0,0,APPROVE
AUTO,12810.01,0.75,0.984,9,1,0,0,APPROVE
PROPERTY,36858.74,0.909,0.834,3,1,0,0,APPROVE
LIFE_DEATH,197729.02,0.935,0.984,5,0,1,0,APPROVE
LIFE_DEATH,116525.34,0.919,0.973,42,1,1,0,APPROVE
AUTO,24844.41,0.795,0.8,8,0,0,2,APPROVE
AUTO,108283.36,0.64,0.698,12,1,0,2,ESCALATE
LIFE_DEATH,632134.01,0.708,0.643,10,1,1,2,ESCALATE
AUTO,10462.29,0.902,0.912,3,0,0,0,APPROVE
LIFE_DEATH,124417.99,0.75,0.876,4,1,1,1,APPROVE
PROPERTY,26610.62,0.75,0.807,7,0,0,0,APPROVE
AUTO,13908.65,0.981,0.8,1,1,0,2,APPROVE
AUTO,96200.9,0.712,0.662,14,1,0,1,ESCALATE
PROPERTY,52003.74,0.99,0.8,5,1,0,0,APPROVE
AUTO,27451.78,0.981,0.992,1,0,0,0,APPROVE
PROPERTY,1057063.66,0.5,0.372,96,0,0,5,REJECT
AUTO,8650.14,0.931,0.943,23,0,0,0,APPROVE
AUTO,295653.54,0.456,0.232,37,0,0,4,REJECT
AUTO,11438.33,0.75,0.962,1,1,0,0,APPROVE
AUTO,21475.69,0.809,0.8,6,1,0,0,APPROVE
PROPERTY,263793.44,0.473,0.176,91,0,0,6,REJECT
PROPERTY,806083.31,0.2,0.5,119,0,0,2,REJECT
LIFE_DEATH,128456.7,0.91,0.854,4,0,1,1,APPROVE
PROPERTY,910509.23,0.345,0.175,36,0,0,4,REJECT
AUTO,222795.24,0.465,0.272,40,0,0,3,REJECT
AUTO,374870.32,0.295,0.15,112,0,0,3,REJECT
AUTO,38003.65,0.836,0.973,10,1,0,0,APPROVE
LIFE_DEATH,295298.13,0.861,0.994,9,1,1,0,APPROVE
LIFE_DEATH,141261.42,0.937,0.984,17,1,1,0,APPROVE
LIFE_DEATH,185589.74,0.939,0.857,5,0,1,2,APPROVE
AUTO,26732.75,0.967,0.922,7,1,0,1,APPROVE
PROPERTY,39634.21,0.78,0.873,6,1,0,0,APPROVE
AUTO,330582.62,0.2,0.424,50,0,0,2,REJECT
PROPERTY,25192.12,0.839,0.954,15,1,0,0,APPROVE
PROPERTY,54394.52,0.964,0.815,8,1,0,0,APPROVE
PROPERTY,834777.58,0.239,0.418,77,0,0,5,REJECT
LIFE_DEATH,522002.6,0.764,0.64,66,1,1,1,ESCALATE
LIFE_DEATH,464148.64,0.813,0.791,26,0,1,3,ESCALATE
PROPERTY,250602.16,0.68,0.211,91,0,0,5,REJECT
PROPERTY,31887.52,0.969,0.8,8,0,0,0,APPROVE
AUTO,16440.89,0.781,0.8,10,0,0,0,APPROVE
PROPERTY,56485.48,0.75,0.985,1,1,0,0,APPROVE
AUTO,14447.89,0.899,0.901,30,0,0,1,APPROVE
AUTO,23373.24,0.975,0.8,6,1,0,0,APPROVE
PROPERTY,54484.57,0.929,0.953,1,1,0,0,APPROVE
AUTO,27725.35,0.793,0.863,7,0,0,1,APPROVE
AUTO,131209.08,0.678,0.715,14,0,0,2,ESCALATE
AUTO,28969.76,0.873,0.987,4,0,0,0,APPROVE
AUTO,263621.19,0.2,0.38,200,0,0,3,REJECT
LIFE_DEATH,145591.15,0.75,0.894,5,0,1,0,APPROVE
AUTO,7602.04,0.901,0.978,1,1,0,0,APPROVE
PROPERTY,1136817.97,0.223,0.15,96,0,0,2,REJECT
PROPERTY,673414.74,0.239,0.313,44,0,0,3,REJECT
PROPERTY,794343.85,0.2,0.389,118,0,0,3,REJECT
LIFE_DEATH,1197653.34,0.586,0.15,83,0,1,2,REJECT
LIFE_DEATH,69734.85,0.963,0.916,1,0,1,0,APPROVE
LIFE_DEATH,86825.76,0.884,0.996,11,1,1,0,APPROVE
PROPERTY,74477.69,0.88,0.977,4,1,0,0,APPROVE
PROPERTY,213791.42,0.371,0.222,171,0,0,4,REJECT
PROPERTY,363985.75,0.698,0.694,54,0,0,2,ESCALATE
PROPERTY,52906.43,0.75,0.912,6,1,0,1,APPROVE
AUTO,7244.2,0.909,0.859,17,1,0,1,APPROVE
AUTO,127398.76,0.762,0.747,13,1,0,1,ESCALATE
AUTO,449050.95,0.2,0.225,74,0,0,2,REJECT
AUTO,33423.96,0.858,0.925,13,1,0,1,APPROVE
AUTO,20512.36,0.968,0.865,14,1,0,0,APPROVE
PROPERTY,991414.5,0.61,0.381,80,0,0,3,REJECT
AUTO,119161.88,0.628,0.82,10,0,0,1,ESCALATE
AUTO,312236.18,0.379,0.175,79,0,0,5,REJECT
AUTO,14543.93,0.911,0.926,19,0,0,0,APPROVE
AUTO,25982.76,0.75,0.889,22,0,0,0,APPROVE
LIFE_DEATH,276931.34,0.755,0.88,1,0,1,0,APPROVE
PROPERTY,44299.98,0.974,0.935,2,1,0,0,APPROVE
AUTO,21484.18,0.884,0.935,1,1,0,0,APPROVE
AUTO,10840.93,0.783,0.843,8,1,0,0,APPROVE
PROPERTY,672646.89,0.248,0.579,128,0,0,3,REJECT
LIFE_DEATH,192242.51,0.75,0.959,15,1,1,0,APPROVE
AUTO,72816.95,0.772,0.931,39,1,0,0,APPROVE
LIFE_DEATH,179288.99,0.785,0.8,10,1,1,0,APPROVE
LIFE_DEATH,247268.5,0.882,0.898,1,1,1,0,APPROVE
AUTO,24329.95,0.75,0.8,9,0,0,2,APPROVE
PROPERTY,120290.21,0.761,0.947,3,1,0,1,APPROVE
LIFE_DEATH,118675.95,0.75,0.858,1,0,1,1,APPROVE
AUTO,23791.22,0.859,0.988,6,0,0,0,APPROVE
PROPERTY,197481.98,0.728,0.709,18,1,0,2,ESCALATE
PROPERTY,47396.45,0.845,0.92,7,1,0,0,APPROVE
AUTO,22538.88,0.921,0.889,21,0,0,0,APPROVE
LIFE_DEATH,125820.26,0.863,0.8,7,1,1,0,APPROVE
LIFE_DEATH,147931.94,0.75,0.932,1,0,1,0,APPROVE
AUTO,17470.05,0.75,0.8,1,1,0,0,APPROVE
AUTO,113299.33,0.346,0.15,65,0,0,2,REJECT
LIFE_DEATH,1109836.52,0.354,0.448,70,0,0,4,REJECT
PROPERTY,818257.11,0.2,0.15,64,0,0,6,REJECT
AUTO,16209.44,0.935,0.875,1,0,0,0,APPROVE
PROPERTY,675236.02,0.2,0.467,181,0,0,5,REJECT
AUTO,17317.78,0.775,0.874,9,1,0,1,APPROVE
AUTO,175540.12,0.246,0.318,79,0,0,3,REJECT
PROPERTY,46492.61,0.785,0.8,3,0,0,0,APPROVE
LIFE_DEATH,165984.07,0.895,0.919,4,0,1,0,APPROVE
PROPERTY,101252.12,0.909,0.993,22,1,0,0,APPROVE
LIFE_DEATH,284881.73,0.672,0.716,32,0,1,2,ESCALATE
AUTO,12527.64,0.956,0.967,1,1,0,0,APPROVE
AUTO,130064.05,0.627,0.766,120,0,0,1,ESCALATE
PROPERTY,574021.18,0.316,0.459,95,0,0,6,REJECT
PROPERTY,551411.87,0.614,0.15,116,0,0,2,REJECT
PROPERTY,266724.83,0.433,0.15,86,0,0,4,REJECT
PROPERTY,50702.29,0.924,0.974,12,1,0,0,APPROVE
AUTO,46356.35,0.873,0.899,1,1,0,0,APPROVE
PROPERTY,22554.01,0.916,0.858,1,1,0,0,APPROVE
AUTO,4187.44,0.75,0.919,5,0,0,0,APPROVE
LIFE_DEATH,245236.2,0.772,0.933,4,0,1,0,APPROVE
PROPERTY,76189.55,0.96,0.8,2,1,0,0,APPROVE
AUTO,39649.53,0.904,0.824,2,1,0,0,APPROVE
AUTO,72306.84,0.2,0.194,237,0,0,4,REJECT
AUTO,20902.45,0.99,0.985,20,0,0,0,APPROVE
LIFE_DEATH,508142.61,0.434,0.187,38,0,1,2,REJECT
AUTO,9701.94,0.873,0.977,45,1,0,0,APPROVE
PROPERTY,60401.29,0.907,1.0,12,1,0,0,APPROVE
PROPERTY,23446.85,0.988,0.983,6,1,0,0,APPROVE
AUTO,11609.68,0.942,0.8,17,0,0,2,APPROVE
AUTO,23192.93,0.83,0.8,5,0,0,1,APPROVE
AUTO,126471.91,0.759,0.782,21,1,0,2,ESCALATE
AUTO,14979.61,0.801,0.833,31,0,0,2,APPROVE
AUTO,44580.92,0.839,0.889,34,1,0,0,APPROVE
AUTO,34405.25,0.945,0.923,5,1,0,2,APPROVE
AUTO,147147.05,0.713,0.82,15,1,0,2,ESCALATE
PROPERTY,50860.65,0.904,0.8,17,1,0,0,APPROVE
AUTO,45819.44,0.922,0.959,1,1,0,0,APPROVE
AUTO,5760.23,0.75,0.87,24,0,0,0,APPROVE
PROPERTY,48596.25,0.75,0.8,9,1,0,1,APPROVE
AUTO,8978.88,0.871,0.975,1,1,0,0,APPROVE
PROPERTY,46643.85,0.775,0.964,5,0,0,0,APPROVE
PROPERTY,34745.14,0.75,0.821,6,1,0,0,APPROVE
AUTO,23484.26,0.878,0.802,21,1,0,0,APPROVE
AUTO,28719.46,0.833,0.953,1,1,0,0,APPROVE
PROPERTY,69611.92,0.911,0.903,12,1,0,0,APPROVE
LIFE_DEATH,112792.32,0.75,0.8,1,0,1,2,APPROVE
PROPERTY,233476.0,0.65,0.745,10,0,0,1,ESCALATE
AUTO,35355.7,0.933,0.913,7,1,0,0,APPROVE
PROPERTY,35150.48,0.75,0.857,1,1,0,2,APPROVE
AUTO,114613.54,0.2,0.438,124,0,0,2,REJECT
AUTO,13084.45,0.955,0.909,3,0,0,1,APPROVE
AUTO,28871.22,0.897,0.816,29,0,0,0,APPROVE
LIFE_DEATH,269485.39,0.75,0.997,1,0,1,0,APPROVE
PROPERTY,62993.86,0.924,0.974,1,1,0,1,APPROVE
PROPERTY,536009.38,0.7,0.79,13,1,0,2,ESCALATE
PROPERTY,19145.48,0.898,0.985,1,1,0,0,APPROVE
PROPERTY,358030.59,0.672,0.778,40,1,0,1,ESCALATE
AUTO,153973.05,0.2,0.15,41,0,0,3,REJECT
PROPERTY,463865.12,0.342,0.333,76,0,0,4,REJECT
AUTO,18041.25,0.932,0.82,9,1,0,0,APPROVE
AUTO,345850.53,0.313,0.15,38,0,0,2,REJECT
PROPERTY,345832.02,0.625,0.326,32,0,0,2,REJECT
LIFE_DEATH,1162828.96,0.2,0.353,90,0,0,6,REJECT
AUTO,15785.56,0.91,0.943,27,0,0,0,APPROVE
AUTO,375895.65,0.252,0.419,65,0,0,2,REJECT
AUTO,114616.72,0.628,0.619,63,1,0,2,ESCALATE
AUTO,307440.07,0.2,0.304,232,0,0,2,REJECT
LIFE_DEATH,397512.58,0.645,0.736,47,0,1,1,ESCALATE
PROPERTY,359655.32,0.719,0.685,32,0,0,1,ESCALATE
PROPERTY,828712.7,0.589,0.477,154,0,0,3,REJECT
LIFE_DEATH,781303.66,0.2,0.388,32,0,0,2,REJECT
AUTO,22733.32,0.942,0.887,11,1,0,2,APPROVE
PROPERTY,278365.69,0.434,0.402,244,0,0,2,REJECT
PROPERTY,429365.3,0.2,0.291,112,0,0,2,REJECT
PROPERTY,1001350.39,0.411,0.15,114,0,0,2,REJECT
PROPERTY,1031899.15,0.412,0.15,68,0,0,4,REJECT
PROPERTY,713200.35,0.311,0.65,86,0,0,2,REJECT
AUTO,61435.06,0.809,0.952,2,1,0,0,APPROVE
AUTO,19288.85,0.75,0.97,5,0,0,0,APPROVE
AUTO,12910.03,0.95,0.844,3,0,0,2,APPROVE
AUTO,19800.91,0.978,0.8,18,1,0,0,APPROVE
PROPERTY,77515.84,0.958,0.8,20,1,0,0,APPROVE
LIFE_DEATH,251961.54,0.613,0.688,23,1,1,3,ESCALATE
AUTO,77953.26,0.785,0.755,31,0,0,1,ESCALATE
PROPERTY,43144.09,0.98,0.8,6,1,0,0,APPROVE
PROPERTY,514204.96,0.219,0.464,68,0,0,3,REJECT
PROPERTY,64184.52,0.907,0.927,27,1,0,0,APPROVE
PROPERTY,500865.61,0.613,0.65,152,0,0,3,REJECT
PROPERTY,60883.92,0.857,0.985,3,1,0,1,APPROVE
AUTO,28317.02,0.891,0.993,1,1,0,1,APPROVE
LIFE_DEATH,76476.45,0.85,0.971,8,1,1,0,APPROVE
LIFE_DEATH,1294003.05,0.2,0.451,33,0,0,5,REJECT
AUTO,28062.43,0.947,0.8,1,0,0,1,APPROVE
AUTO,15402.04,0.75,0.834,5,1,0,0,APPROVE
AUTO,20458.76,0.889,0.915,4,1,0,0,APPROVE
PROPERTY,85651.61,0.75,0.925,7,1,0,0,APPROVE
PROPERTY,885652.82,0.2,0.438,170,0,0,3,REJECT
AUTO,6762.42,0.781,0.959,1,1,0,1,APPROVE
AUTO,30149.41,0.75,0.843,1,1,0,0,APPROVE
LIFE_DEATH,1270684.18,0.51,0.21,104,0,0,4,REJECT
AUTO,206495.73,0.364,0.272,85,0,0,3,REJECT
PROPERTY,62162.92,0.99,0.8,8,1,0,0,APPROVE
AUTO,23333.67,0.898,0.904,4,0,0,2,APPROVE
AUTO,79712.43,0.65,0.784,120,0,0,2,ESCALATE
AUTO,9233.61,0.865,0.902,1,1,0,0,APPROVE
AUTO,20068.37,0.75,0.8,33,1,0,0,APPROVE
AUTO,228279.75,0.2,0.193,31,0,0,3,REJECT
PROPERTY,55457.08,0.831,0.979,11,1,0,0,APPROVE
PROPERTY,195505.67,0.444,0.15,143,0,0,4,REJECT
PROPERTY,468502.15,0.356,0.15,73,0,0,6,REJECT
AUTO,33919.44,0.816,0.863,2,1,0,0,APPROVE
AUTO,33485.93,0.884,0.865,9,1,0,0,APPROVE
LIFE_DEATH,61660.36,0.75,0.982,6,0,1,1,APPROVE
LIFE_DEATH,655299.67,0.842,0.695,11,1,1,3,ESCALATE
PROPERTY,25612.03,0.937,0.935,8,1,0,0,APPROVE
AUTO,18724.56,0.75,0.948,21,0,0,0,APPROVE
PROPERTY,430029.09,0.747,0.69,33,0,0,1,ESCALATE
LIFE_DEATH,85791.18,0.843,0.884,5,1,1,2,APPROVE
AUTO,10320.07,0.767,0.902,3,1,0,0,APPROVE
AUTO,251278.98,0.492,0.435,81,0,0,2,REJECT
PROPERTY,96282.47,0.75,0.971,2,1,0,1,APPROVE
PROPERTY,41259.03,0.812,0.8,1,0,0,0,APPROVE
AUTO,411495.65,0.281,0.363,117,0,0,3,REJECT
AUTO,3469.64,0.883,0.971,12,0,0,0,APPROVE
PROPERTY,30033.06,0.929,0.968,34,1,0,0,APPROVE
LIFE_DEATH,1071303.1,0.553,0.369,70,0,0,3,REJECT
AUTO,433783.44,0.292,0.162,219,0,0,3,REJECT
AUTO,13100.75,0.863,0.928,8,0,0,1,APPROVE
AUTO,25684.25,0.924,0.8,6,0,0,0,APPROVE
AUTO,292720.7,0.68,0.491,44,0,0,3,REJECT
PROPERTY,37596.25,0.99,0.8,1,1,0,1,APPROVE
LIFE_DEATH,274568.17,0.865,0.991,2,1,1,0,APPROVE
PROPERTY,630214.38,0.2,0.301,111,0,0,2,REJECT
AUTO,278955.75,0.621,0.458,48,0,0,5,REJECT
AUTO,53345.54,0.824,0.955,3,1,0,0,APPROVE
PROPERTY,291576.58,0.739,0.58,37,0,0,2,ESCALATE
PROPERTY,174388.05,0.2,0.219,141,0,0,2,REJECT
LIFE_DEATH,620053.5,0.263,0.15,38,0,0,4,REJECT
LIFE_DEATH,541919.07,0.677,0.692,32,1,1,2,ESCALATE
AUTO,18140.92,0.813,0.975,6,0,0,0,APPROVE
AUTO,110580.89,0.683,0.736,12,0,0,2,ESCALATE
LIFE_DEATH,1197480.49,0.281,0.424,220,0,0,2,REJECT
PROPERTY,1196756.43,0.2,0.15,171,0,0,6,REJECT
LIFE_DEATH,979179.19,0.25,0.442,33,0,0,4,REJECT
AUTO,85251.32,0.229,0.382,64,0,0,2,REJECT
AUTO,50736.08,0.772,0.8,8,1,0,1,APPROVE
PROPERTY,40091.39,0.981,0.933,2,0,0,0,APPROVE
AUTO,43033.11,0.944,0.809,2,1,0,2,APPROVE
AUTO,22300.0,0.883,0.942,15,1,0,0,APPROVE
PROPERTY,171186.12,0.682,0.735,43,0,0,1,ESCALATE
AUTO,32059.78,0.979,0.9,1,1,0,0,APPROVE
PROPERTY,29976.64,0.986,0.976,24,0,0,1,APPROVE
PROPERTY,36819.93,0.864,0.972,4,1,0,0,APPROVE
AUTO,292668.29,0.2,0.46,113,0,0,5,REJECT
LIFE_DEATH,537394.3,0.503,0.15,136,0,0,4,REJECT
PROPERTY,959511.18,0.329,0.392,131,0,0,3,REJECT
LIFE_DEATH,138057.74,0.75,0.941,44,1,1,0,APPROVE
AUTO,336486.02,0.2,0.184,38,0,0,4,REJECT
AUTO,336324.7,0.503,0.187,64,0,0,2,REJECT
AUTO,21088.57,0.75,0.82,30,0,0,1,APPROVE
AUTO,30711.05,0.961,0.943,5,1,0,2,APPROVE
AUTO,21820.51,0.854,0.8,1,0,0,2,APPROVE
LIFE_DEATH,273309.04,0.75,0.921,6,0,1,0,APPROVE
AUTO,21067.86,0.946,0.912,2,0,0,0,APPROVE
PROPERTY,33842.19,0.943,0.8,16,1,0,0,APPROVE
LIFE_DEATH,1268742.04,0.495,0.268,108,0,0,2,REJECT
AUTO,14656.98,0.974,0.874,1,1,0,0,APPROVE
AUTO,111744.51,0.653,0.658,18,1,0,2,ESCALATE
PROPERTY,281738.66,0.423,0.15,54,0,0,5,REJECT
LIFE_DEATH,669824.01,0.639,0.82,10,1,1,3,ESCALATE
PROPERTY,19666.97,0.831,0.8,31,0,0,0,APPROVE
PROPERTY,25864.01,0.906,0.91,16,0,0,0,APPROVE
AUTO,21480.57,0.75,0.903,20,1,0,0,APPROVE
PROPERTY,126102.35,0.699,0.819,28,1,0,1,ESCALATE
LIFE_DEATH,792267.86,0.694,0.751,56,0,1,1,ESCALATE
PROPERTY,1053624.99,0.252,0.232,106,0,0,4,REJECT
PROPERTY,31758.08,0.934,0.866,3,1,0,0,APPROVE
AUTO,17362.21,0.92,0.945,9,1,0,1,APPROVE
LIFE_DEATH,421375.94,0.513,0.15,44,0,0,4,REJECT
AUTO,15935.27,0.879,0.979,1,0,0,1,APPROVE
LIFE_DEATH,215457.32,0.919,0.931,11,0,1,2,APPROVE
AUTO,39665.93,0.826,0.953,1,1,0,1,APPROVE
AUTO,34936.73,0.75,0.8,14,1,0,0,APPROVE
LIFE_DEATH,87683.1,0.876,0.961,10,1,1,0,APPROVE
LIFE_DEATH,133444.15,0.816,0.998,7,0,1,0,APPROVE
PROPERTY,41494.64,0.89,0.85,1,1,0,0,APPROVE
LIFE_DEATH,854145.2,0.2,0.362,71,0,0,3,REJECT
PROPERTY,80912.55,0.947,0.943,5,1,0,1,APPROVE
PROPERTY,44898.17,0.893,0.971,2,1,0,0,APPROVE
AUTO,45325.74,0.75,0.983,2,1,0,2,APPROVE
AUTO,8173.05,0.926,0.982,40,1,0,0,APPROVE
AUTO,46197.88,0.797,0.969,7,1,0,0,APPROVE
LIFE_DEATH,555810.05,0.76,0.69,30,1,1,1,ESCALATE
AUTO,33135.03,0.8,0.883,15,1,0,0,APPROVE
PROPERTY,554650.84,0.2,0.153,103,0,0,4,REJECT
AUTO,25259.25,0.99,0.8,19,1,0,1,APPROVE
AUTO,184825.08,0.435,0.605,101,0,0,6,REJECT
AUTO,425498.09,0.592,0.15,125,0,0,5,REJECT
AUTO,15094.56,0.842,0.989,9,0,0,0,APPROVE
LIFE_DEATH,177831.14,0.803,0.978,1,1,1,1,APPROVE
LIFE_DEATH,378474.64,0.653,0.673,39,0,1,2,ESCALATE
AUTO,15939.25,0.82,0.937,2,0,0,1,APPROVE
PROPERTY,575619.64,0.226,0.431,58,0,0,2,REJECT
AUTO,433462.82,0.337,0.15,44,0,0,3,REJECT
AUTO,12426.65,0.972,0.855,11,0,0,0,APPROVE
LIFE_DEATH,52684.75,0.75,0.875,4,0,1,0,APPROVE
PROPERTY,197959.53,0.68,0.473,32,0,0,2,REJECT
AUTO,225430.31,0.2,0.15,265,0,0,3,REJECT
AUTO,16654.61,0.789,0.921,1,1,0,0,APPROVE
AUTO,26387.39,0.75,0.903,2,1,0,0,APPROVE
LIFE_DEATH,449756.59,0.738,0.731,63,0,1,2,ESCALATE
LIFE_DEATH,111274.23,0.75,0.8,12,1,1,1,APPROVE
PROPERTY,42089.77,0.75,0.809,5,1,0,1,APPROVE
AUTO,185616.25,0.214,0.15,34,0,0,3,REJECT
AUTO,234600.12,0.294,0.494,37,0,0,3,REJECT
AUTO,448230.08,0.372,0.15,117,0,0,3,REJECT
PROPERTY,417249.61,0.701,0.692,44,0,0,1,ESCALATE
LIFE_DEATH,404927.42,0.619,0.192,61,0,0,3,REJECT
LIFE_DEATH,85493.0,0.75,0.8,38,0,1,0,APPROVE
LIFE_DEATH,124855.78,0.907,0.954,5,1,1,0,APPROVE
PROPERTY,39745.62,0.829,0.994,6,0,0,0,APPROVE
AUTO,23855.53,0.956,0.8,11,0,0,0,APPROVE
AUTO,228617.85,0.526,0.169,62,0,0,3,REJECT
AUTO,17309.44,0.876,0.926,3,0,0,0,APPROVE
AUTO,13037.36,0.985,0.951,5,0,0,0,APPROVE
PROPERTY,54171.73,0.818,0.953,8,1,0,0,APPROVE
AUTO,50568.67,0.797,0.808,11,1,0,0,APPROVE
AUTO,49558.89,0.953,0.98,1,1,0,0,APPROVE
AUTO,21175.42,0.961,0.985,22,1,0,0,APPROVE
LIFE_DEATH,1497142.98,0.568,0.512,50,0,1,3,REJECT
PROPERTY,34896.08,0.965,0.892,20,1,0,2,APPROVE
PROPERTY,350655.85,0.697,0.683,32,1,0,2,ESCALATE
AUTO,25603.29,0.946,0.881,1,0,0,0,APPROVE
AUTO,45181.07,0.935,0.879,52,1,0,0,APPROVE
LIFE_DEATH,668082.87,0.2,0.261,83,0,0,4,REJECT
LIFE_DEATH,91760.45,0.823,0.999,24,1,1,0,APPROVE
AUTO,125825.67,0.671,0.617,29,1,0,1,ESCALATE
AUTO,34733.09,0.797,0.955,27,1,0,0,APPROVE
AUTO,10912.25,0.962,0.999,8,1,0,0,APPROVE
PROPERTY,321623.66,0.353,0.164,54,0,0,4,REJECT
AUTO,133466.19,0.665,0.701,19,1,0,1,ESCALATE
AUTO,191515.37,0.47,0.15,53,0,0,4,REJECT
AUTO,10468.64,0.881,0.981,11,1,0,2,APPROVE
AUTO,14859.53,0.802,0.909,5,1,0,0,APPROVE
PROPERTY,174367.17,0.723,0.746,52,0,0,1,ESCALATE
LIFE_DEATH,1394102.97,0.2,0.157,96,0,1,2,REJECT
PROPERTY,1031363.67,0.22,0.403,53,0,0,3,REJECT
AUTO,224891.12,0.2,0.22,161,0,0,6,REJECT
AUTO,195362.36,0.351,0.65,131,0,0,5,REJECT
PROPERTY,66068.72,0.93,0.971,1,1,0,1,APPROVE
PROPERTY,66756.07,0.915,0.839,5,1,0,0,APPROVE
AUTO,30382.74,0.75,0.953,6,1,0,0,APPROVE
PROPERTY,508721.89,0.683,0.735,13,1,0,3,ESCALATE
AUTO,23850.72,0.835,0.946,56,1,0,1,APPROVE
PROPERTY,34970.33,0.929,0.831,1,1,0,0,APPROVE
PROPERTY,1001673.77,0.68,0.421,234,0,0,5,REJECT
AUTO,54229.2,0.695,0.73,13,1,0,1,ESCALATE
LIFE_DEATH,658882.59,0.699,0.66,40,1,1,2,ESCALATE
AUTO,85659.3,0.2,0.573,52,0,0,6,REJECT
AUTO,448788.16,0.232,0.295,42,0,0,4,REJECT
PROPERTY,34086.34,0.964,0.885,1,0,0,0,APPROVE
PROPERTY,341721.8,0.744,0.603,83,0,0,1,ESCALATE
AUTO,48055.22,0.927,0.923,1,1,0,1,APPROVE
AUTO,97075.36,0.6,0.687,120,0,0,2,ESCALATE
LIFE_DEATH,152005.02,0.75,0.891,31,1,1,0,APPROVE
PROPERTY,68508.79,0.901,0.909,4,1,0,0,APPROVE
AUTO,48810.18,0.856,0.8,5,1,0,0,APPROVE
LIFE_DEATH,55617.33,0.75,0.988,1,1,1,1,APPROVE
PROPERTY,313079.16,0.713,0.734,18,1,0,2,ESCALATE
AUTO,35434.24,0.99,0.8,1,1,0,0,APPROVE
PROPERTY,814695.07,0.598,0.414,124,0,0,5,REJECT
PROPERTY,31872.54,0.916,0.985,3,0,0,0,APPROVE
PROPERTY,56255.29,0.897,0.808,3,1,0,0,APPROVE
AUTO,27952.8,0.925,0.989,29,1,0,0,APPROVE
LIFE_DEATH,739178.13,0.751,0.734,12,0,1,2,ESCALATE
PROPERTY,411627.76,0.654,0.58,53,1,0,2,ESCALATE
AUTO,25275.99,0.968,0.958,2,0,0,0,APPROVE
AUTO,10054.0,0.75,0.947,7,1,0,1,APPROVE
PROPERTY,412386.96,0.804,0.796,23,0,0,2,ESCALATE
AUTO,32012.43,0.771,0.864,8,1,0,1,APPROVE
LIFE_DEATH,248894.59,0.75,0.989,11,0,1,0,APPROVE
AUTO,89891.34,0.76,0.657,68,1,0,2,ESCALATE
AUTO,29307.54,0.75,0.901,1,0,0,1,APPROVE
AUTO,18462.14,0.893,0.965,17,1,0,0,APPROVE
PROPERTY,855887.34,0.395,0.327,142,0,0,3,REJECT
LIFE_DEATH,223063.85,0.894,0.947,11,0,1,1,APPROVE
PROPERTY,182705.86,0.52,0.416,66,0,0,4,REJECT
PROPERTY,37372.63,0.866,0.93,1,0,0,0,APPROVE
AUTO,121500.59,0.747,0.769,43,0,0,2,ESCALATE
AUTO,82068.72,0.374,0.15,33,0,0,5,REJECT
PROPERTY,806306.25,0.239,0.228,52,0,0,2,REJECT
LIFE_DEATH,173960.01,0.75,0.903,19,1,1,0,APPROVE
AUTO,108177.16,0.2,0.15,109,0,0,6,REJECT
AUTO,16150.72,0.886,0.966,5,1,0,0,APPROVE
LIFE_DEATH,574338.26,0.335,0.327,56,0,1,6,REJECT
AUTO,19109.17,0.75,0.8,19,0,0,0,APPROVE
AUTO,103304.1,0.2,0.178,57,0,0,2,REJECT
PROPERTY,72155.8,0.785,0.936,6,1,0,1,APPROVE
AUTO,126850.57,0.783,0.753,17,0,0,1,ESCALATE
PROPERTY,49321.28,0.842,0.974,20,0,0,2,APPROVE
AUTO,226239.52,0.2,0.19,110,0,0,6,REJECT
AUTO,52930.44,0.894,0.824,13,1,0,0,APPROVE
AUTO,7835.14,0.888,0.8,5,1,0,0,APPROVE
PROPERTY,88108.74,0.75,0.885,10,1,0,0,APPROVE
LIFE_DEATH,1422993.6,0.2,0.619,106,0,0,5,REJECT
AUTO,16842.28,0.818,0.912,1,1,0,0,APPROVE
AUTO,85046.32,0.254,0.344,135,0,0,6,REJECT
PROPERTY,27688.3,0.808,0.988,5,0,0,0,APPROVE
LIFE_DEATH,116383.9,0.948,0.96,10,0,1,0,APPROVE
AUTO,59415.48,0.759,0.685,25,1,0,3,ESCALATE
AUTO,114668.81,0.733,0.711,18,1,0,1,ESCALATE
PROPERTY,40945.65,0.846,0.995,13,1,0,0,APPROVE
AUTO,152339.24,0.528,0.49,36,0,0,6,REJECT
AUTO,14369.95,0.752,0.919,4,1,0,0,APPROVE
AUTO,411416.07,0.2,0.154,64,0,0,4,REJECT
PROPERTY,581222.58,0.2,0.375,255,0,0,3,REJECT
PROPERTY,171128.62,0.6,0.738,14,0,0,1,ESCALATE
AUTO,41479.9,0.951,0.8,22,1,0,0,APPROVE
PROPERTY,836419.13,0.587,0.15,238,0,0,3,REJECT
PROPERTY,1154436.83,0.2,0.254,39,0,0,6,REJECT
LIFE_DEATH,278260.37,0.756,0.969,5,0,1,0,APPROVE
AUTO,78813.77,0.539,0.279,177,0,0,5,REJECT
LIFE_DEATH,385958.69,0.719,0.633,16,0,1,2,ESCALATE
AUTO,36238.61,0.869,0.844,11,1,0,2,APPROVE
AUTO,44839.97,0.784,0.945,4,1,0,0,APPROVE
AUTO,19139.35,0.831,0.8,2,0,0,0,APPROVE
PROPERTY,718670.32,0.54,0.593,60,0,0,2,REJECT
PROPERTY,198235.83,0.805,0.775,12,0,0,1,ESCALATE
PROPERTY,33190.02,0.827,0.978,8,1,0,0,APPROVE
LIFE_DEATH,107772.23,0.794,0.988,4,0,1,1,APPROVE
PROPERTY,30450.26,0.75,0.995,14,1,0,0,APPROVE
PROPERTY,58774.43,0.882,0.841,22,1,0,1,APPROVE
PROPERTY,1038763.27,0.562,0.366,64,0,0,3,REJECT
PROPERTY,478439.88,0.82,0.736,31,1,0,3,ESCALATE
AUTO,7012.76,0.844,0.951,2,0,0,0,APPROVE
PROPERTY,316280.62,0.8,0.744,19,0,0,2,ESCALATE
AUTO,301003.57,0.2,0.15,53,0,0,4,REJECT
PROPERTY,26991.77,0.864,0.859,18,1,0,0,APPROVE
PROPERTY,45900.19,0.968,0.814,1,0,0,0,APPROVE
PROPERTY,374386.26,0.754,0.587,28,0,0,2,ESCALATE
PROPERTY,245045.89,0.357,0.21,86,0,0,2,REJECT
AUTO,24006.93,0.75,0.994,17,0,0,0,APPROVE
AUTO,13632.69,0.814,0.996,12,1,0,0,APPROVE
LIFE_DEATH,758231.52,0.652,0.675,25,1,1,2,ESCALATE
AUTO,431775.17,0.264,0.437,108,0,0,4,REJECT
AUTO,174191.88,0.358,0.162,86,0,0,4,REJECT
AUTO,233476.04,0.408,0.204,52,0,0,2,REJECT
PROPERTY,402109.94,0.777,0.58,12,1,0,1,ESCALATE
PROPERTY,44075.96,0.801,0.8,1,0,0,0,APPROVE
LIFE_DEATH,204461.81,0.924,0.978,5,0,1,0,APPROVE
LIFE_DEATH,621321.48,0.509,0.55,60,0,0,5,REJECT
AUTO,47993.31,0.75,0.917,4,1,0,0,APPROVE
LIFE_DEATH,57506.5,0.789,0.926,37,1,1,1,APPROVE
LIFE_DEATH,1410552.6,0.498,0.242,44,0,1,5,REJECT
AUTO,4855.12,0.75,0.837,13,1,0,0,APPROVE
PROPERTY,289283.43,0.719,0.646,26,0,0,1,ESCALATE
LIFE_DEATH,105309.67,0.94,0.885,27,1,1,0,APPROVE
AUTO,14714.56,0.75,0.953,8,0,0,0,APPROVE
AUTO,396939.55,0.2,0.293,241,0,0,5,REJECT
PROPERTY,85834.11,0.75,0.809,7,1,0,0,APPROVE
LIFE_DEATH,230027.83,0.941,0.928,10,1,1,1,APPROVE
PROPERTY,55884.77,0.912,0.872,11,1,0,0,APPROVE
LIFE_DEATH,445766.84,0.763,0.739,33,1,1,1,ESCALATE
PROPERTY,563460.35,0.707,0.82,62,1,0,1,ESCALATE
PROPERTY,51416.15,0.803,0.938,20,1,0,0,APPROVE
AUTO,16003.43,0.826,0.9,20,1,0,0,APPROVE
AUTO,51051.0,0.759,0.619,48,1,0,3,ESCALATE
LIFE_DEATH,70347.58,0.972,0.943,1,0,1,0,APPROVE
AUTO,15410.42,0.75,0.991,12,1,0,0,APPROVE
PROPERTY,586514.29,0.2,0.348,62,0,0,5,REJECT
PROPERTY,19979.46,0.977,0.8,4,1,0,0,APPROVE
AUTO,28390.41,0.819,0.871,5,1,0,0,APPROVE
AUTO,13480.46,0.769,0.927,3,1,0,0,APPROVE
AUTO,25042.61,0.847,0.89,4,1,0,0,APPROVE
PROPERTY,119775.36,0.653,0.661,38,1,0,3,ESCALATE
AUTO,276177.0,0.442,0.15,40,0,0,5,REJECT
PROPERTY,556309.13,0.2,0.65,81,0,0,4,REJECT
PROPERTY,776539.17,0.2,0.522,47,0,0,3,REJECT
LIFE_DEATH,392318.81,0.641,0.82,23,1,1,3,ESCALATE
PROPERTY,917394.36,0.542,0.21,30,0,0,4,REJECT
LIFE_DEATH,767602.23,0.254,0.15,44,0,1,4,REJECT
AUTO,17795.12,0.75,0.984,1,1,0,1,APPROVE
AUTO,8741.5,0.951,0.996,3,0,0,0,APPROVE
LIFE_DEATH,134528.94,0.75,0.981,4,0,1,0,APPROVE
AUTO,2934.18,0.96,0.956,3,1,0,0,APPROVE
AUTO,105920.93,0.2,0.15,100,0,0,4,REJECT
PROPERTY,582656.13,0.671,0.737,26,0,0,1,ESCALATE
AUTO,395874.37,0.2,0.318,58,0,0,4,REJECT
PROPERTY,855661.63,0.2,0.56,156,0,0,3,REJECT
AUTO,36584.25,0.886,0.879,16,1,0,0,APPROVE
PROPERTY,235833.4,0.714,0.667,20,0,0,2,ESCALATE
AUTO,55245.91,0.766,0.8,10,1,0,0,APPROVE
AUTO,119212.22,0.717,0.604,39,0,0,2,ESCALATE
AUTO,13582.73,0.75,0.915,31,1,0,1,APPROVE
LIFE_DEATH,151983.84,0.841,0.916,10,0,1,1,APPROVE
PROPERTY,1150461.06,0.41,0.15,47,0,0,4,REJECT
AUTO,56801.06,0.807,0.857,19,1,0,0,APPROVE
AUTO,157789.95,0.2,0.25,206,0,0,5,REJECT
AUTO,10728.17,0.888,0.8,3,0,0,0,APPROVE
LIFE_DEATH,235119.03,0.82,0.9,6,0,1,0,APPROVE
LIFE_DEATH,104767.2,0.873,0.872,1,0,1,0,APPROVE
PROPERTY,74953.52,0.75,0.936,39,1,0,0,APPROVE
PROPERTY,85464.76,0.907,0.955,13,1,0,1,APPROVE
LIFE_DEATH,1367941.42,0.558,0.65,39,0,0,3,REJECT
AUTO,366098.56,0.2,0.346,159,0,0,5,REJECT
PROPERTY,50329.31,0.75,0.8,24,1,0,0,APPROVE
LIFE_DEATH,56452.98,0.882,0.8,2,1,1,0,APPROVE
LIFE_DEATH,121406.5,0.932,0.965,7,1,1,0,APPROVE
LIFE_DEATH,582193.26,0.839,0.691,63,1,1,1,ESCALATE
PROPERTY,117801.97,0.84,0.903,25,1,0,1,APPROVE
AUTO,44082.08,0.836,0.932,27,1,0,1,APPROVE
AUTO,6765.35,0.889,0.888,1,0,0,1,APPROVE
AUTO,52309.47,0.88,0.962,18,1,0,0,APPROVE
AUTO,23278.88,0.976,0.879,1,0,0,0,APPROVE
PROPERTY,517702.94,0.654,0.82,13,1,0,1,ESCALATE
LIFE_DEATH,194197.43,0.87,0.924,31,1,1,2,APPROVE
AUTO,36825.33,0.948,0.953,11,1,0,0,APPROVE
AUTO,42433.14,0.956,0.8,9,1,0,0,APPROVE
PROPERTY,53953.24,0.75,0.936,37,1,0,1,APPROVE
LIFE_DEATH,1290178.55,0.472,0.15,99,0,0,4,REJECT
AUTO,11416.04,0.99,0.946,2,0,0,1,APPROVE
AUTO,48594.41,0.798,0.711,33,1,0,3,ESCALATE
AUTO,18447.14,0.838,0.982,1,1,0,0,APPROVE
PROPERTY,724791.05,0.2,0.257,134,0,0,3,REJECT
AUTO,358249.28,0.645,0.362,117,0,0,4,REJECT
LIFE_DEATH,463071.5,0.728,0.637,13,0,1,3,ESCALATE
AUTO,116269.03,0.745,0.677,18,1,0,1,ESCALATE
PROPERTY,36070.25,0.981,0.926,1,1,0,0,APPROVE
LIFE_DEATH,93230.62,0.75,0.8,1,1,1,1,APPROVE
AUTO,151081.32,0.304,0.367,81,0,0,2,REJECT
LIFE_DEATH,117011.8,0.822,0.894,12,0,1,2,APPROVE
PROPERTY,26234.25,0.964,0.884,9,1,0,0,APPROVE
PROPERTY,38253.15,0.75,0.95,2,0,0,1,APPROVE
AUTO,89987.84,0.85,0.629,16,0,0,1,ESCALATE
LIFE_DEATH,166272.17,0.867,0.936,1,1,1,0,APPROVE
PROPERTY,852664.21,0.318,0.189,62,0,0,4,REJECT
AUTO,164451.93,0.68,0.15,128,0,0,3,REJECT
PROPERTY,309992.77,0.2,0.15,70,0,0,3,REJECT
AUTO,14925.02,0.942,0.967,1,0,0,0,APPROVE
AUTO,94514.79,0.283,0.15,52,0,0,6,REJECT
LIFE_DEATH,129387.43,0.949,0.857,3,1,1,0,APPROVE
AUTO,130230.75,0.825,0.733,24,0,0,1,ESCALATE
PROPERTY,132552.35,0.712,0.741,106,1,0,2,ESCALATE
LIFE_DEATH,1065659.26,0.628,0.15,52,0,0,3,REJECT
PROPERTY,67718.86,0.812,0.873,18,1,0,0,APPROVE
AUTO,13142.33,0.781,0.8,5,0,0,0,APPROVE
AUTO,21128.42,0.948,0.928,21,1,0,0,APPROVE
AUTO,29543.26,0.886,0.943,1,1,0,2,APPROVE
LIFE_DEATH,225716.61,0.953,0.946,4,1,1,0,APPROVE
AUTO,6896.02,0.839,0.8,1,1,0,0,APPROVE
PROPERTY,444690.33,0.716,0.658,16,1,0,1,ESCALATE
AUTO,333562.71,0.673,0.317,324,0,0,2,REJECT
LIFE_DEATH,121852.4,0.862,0.959,4,0,1,0,APPROVE
PROPERTY,768430.94,0.373,0.173,136,0,0,4,REJECT
LIFE_DEATH,223109.04,0.751,0.971,4,0,1,0,APPROVE
LIFE_DEATH,90697.75,0.795,0.8,8,1,1,1,APPROVE
AUTO,11956.49,0.807,0.987,23,1,0,0,APPROVE
LIFE_DEATH,97098.25,0.877,0.804,15,1,1,0,APPROVE
PROPERTY,411972.11,0.811,0.673,18,1,0,1,ESCALATE
AUTO,13589.8,0.911,0.883,1,0,0,0,APPROVE
AUTO,32281.85,0.982,0.891,6,1,0,0,APPROVE
AUTO,96378.44,0.533,0.15,33,0,0,2,REJECT
AUTO,12459.75,0.853,0.957,2,1,0,0,APPROVE
PROPERTY,56189.84,0.841,0.994,4,1,0,0,APPROVE
AUTO,58256.67,0.909,0.863,6,1,0,1,APPROVE
AUTO,256680.04,0.312,0.306,78,0,0,4,REJECT
AUTO,356453.98,0.39,0.15,70,0,0,3,REJECT
LIFE_DEATH,1103748.89,0.5,0.15,33,0,1,3,REJECT
PROPERTY,45475.55,0.75,0.891,8,1,0,0,APPROVE
PROPERTY,490927.5,0.323,0.245,60,0,0,3,REJECT
PROPERTY,79028.27,0.836,0.844,36,1,0,0,APPROVE
AUTO,17206.0,0.952,0.97,12,1,0,0,APPROVE
LIFE_DEATH,164825.92,0.927,0.952,7,1,1,0,APPROVE
PROPERTY,340357.1,0.68,0.299,60,0,0,2,REJECT
PROPERTY,297065.42,0.723,0.58,120,1,0,1,ESCALATE
LIFE_DEATH,1227889.32,0.2,0.457,252,0,0,6,REJECT
AUTO,8373.92,0.822,0.8,3,0,0,1,APPROVE
AUTO,11392.45,0.922,0.936,3,1,0,0,APPROVE
PROPERTY,671987.34,0.446,0.237,70,0,0,2,REJECT
AUTO,290444.47,0.49,0.303,116,0,0,5,REJECT
PROPERTY,52291.68,0.75,0.843,3,1,0,0,APPROVE
PROPERTY,856430.24,0.21,0.376,55,0,0,3,REJECT
LIFE_DEATH,66875.64,0.871,0.995,3,0,1,0,APPROVE
AUTO,134247.28,0.323,0.15,121,0,0,4,REJECT
PROPERTY,944710.04,0.68,0.372,111,0,0,2,REJECT
AUTO,19132.89,0.807,0.864,9,1,0,0,APPROVE
AUTO,19767.46,0.75,0.971,41,1,0,1,APPROVE
PROPERTY,59531.11,0.946,0.991,7,1,0,0,APPROVE
PROPERTY,43290.93,0.793,0.843,2,0,0,0,APPROVE
PROPERTY,73718.08,0.989,0.928,6,1,0,0,APPROVE
AUTO,6141.75,0.75,0.846,21,0,0,1,APPROVE
AUTO,28948.13,0.75,0.8,13,1,0,0,APPROVE
AUTO,34606.32,0.913,0.942,1,1,0,1,APPROVE
PROPERTY,299374.65,0.654,0.627,33,0,0,2,ESCALATE
AUTO,236858.31,0.389,0.306,106,0,0,3,REJECT
AUTO,21622.97,0.768,0.967,1,1,0,0,APPROVE
AUTO,34907.85,0.928,0.8,5,1,0,0,APPROVE
AUTO,216026.62,0.232,0.28,65,0,0,3,REJECT
AUTO,25520.29,0.893,0.959,8,1,0,1,APPROVE
AUTO,37698.69,0.806,0.964,2,1,0,0,APPROVE
LIFE_DEATH,502842.31,0.279,0.3,92,0,0,2,REJECT
AUTO,24493.35,0.926,0.994,9,0,0,0,APPROVE
AUTO,19706.77,0.85,0.826,2,1,0,0,APPROVE
AUTO,346946.36,0.68,0.152,67,0,0,5,REJECT
AUTO,259591.16,0.301,0.198,35,0,0,3,REJECT
AUTO,27968.49,0.75,0.863,8,0,0,1,APPROVE
LIFE_DEATH,177430.79,0.898,0.871,1,1,1,0,APPROVE
AUTO,62050.1,0.766,0.759,23,1,0,3,ESCALATE
LIFE_DEATH,185426.2,0.842,0.941,3,0,1,2,APPROVE
PROPERTY,715463.61,0.471,0.15,77,0,0,6,REJECT
AUTO,39216.62,0.972,0.962,19,1,0,0,APPROVE
AUTO,307505.03,0.2,0.15,43,0,0,3,REJECT
PROPERTY,173198.43,0.451,0.197,103,0,0,3,REJECT
AUTO,229054.93,0.2,0.196,47,0,0,3,REJECT
PROPERTY,36212.29,0.922,0.962,3,1,0,1,APPROVE
AUTO,20809.72,0.881,0.849,4,1,0,1,APPROVE
AUTO,53185.54,0.92,0.986,1,1,0,2,APPROVE
AUTO,49426.72,0.75,0.98,5,1,0,0,APPROVE
AUTO,132718.19,0.709,0.751,27,0,0,1,ESCALATE
LIFE_DEATH,204431.73,0.91,0.8,17,1,1,0,APPROVE
LIFE_DEATH,225182.97,0.75,0.811,10,1,1,0,APPROVE
AUTO,27023.79,0.885,0.865,5,0,0,1,APPROVE
AUTO,363666.43,0.68,0.304,86,0,0,4,REJECT
PROPERTY,63327.61,0.796,0.8,1,1,0,0,APPROVE
PROPERTY,53016.79,0.917,0.96,1,1,0,1,APPROVE
AUTO,24428.63,0.807,0.953,23,1,0,0,APPROVE
PROPERTY,576656.25,0.674,0.816,87,1,0,1,ESCALATE
PROPERTY,86325.56,0.921,0.924,10,1,0,0,APPROVE
PROPERTY,52356.08,0.75,0.896,7,1,0,0,APPROVE
AUTO,23080.13,0.75,0.937,1,1,0,2,APPROVE
AUTO,41356.89,0.99,0.981,6,1,0,1,APPROVE
PROPERTY,380566.53,0.784,0.715,19,0,0,3,ESCALATE
AUTO,243250.84,0.324,0.633,63,0,0,4,REJECT
PROPERTY,295900.39,0.777,0.75,31,1,0,1,ESCALATE
PROPERTY,114123.1,0.837,0.739,10,0,0,2,ESCALATE
AUTO,18974.07,0.877,0.995,35,0,0,0,APPROVE
PROPERTY,64123.28,0.971,0.823,11,1,0,0,APPROVE
AUTO,19465.49,0.869,0.8,1,0,0,0,APPROVE
PROPERTY,85618.51,0.904,0.8,1,1,0,1,APPROVE
AUTO,31881.92,0.929,0.942,1,1,0,0,APPROVE
AUTO,333477.73,0.351,0.151,119,0,0,2,REJECT
PROPERTY,115920.61,0.956,0.833,5,1,0,1,APPROVE
LIFE_DEATH,117660.99,0.777,0.952,5,1,1,0,APPROVE
PROPERTY,67338.87,0.934,0.8,8,1,0,0,APPROVE
AUTO,20276.17,0.947,0.975,10,1,0,1,APPROVE
PROPERTY,78499.82,0.959,0.835,15,1,0,0,APPROVE
AUTO,20406.35,0.777,0.915,13,1,0,1,APPROVE
PROPERTY,466077.39,0.271,0.289,101,0,0,6,REJECT
AUTO,29232.78,0.962,0.918,29,1,0,0,APPROVE
AUTO,45309.89,0.947,0.8,45,1,0,1,APPROVE
PROPERTY,67303.5,0.894,0.814,18,1,0,0,APPROVE
LIFE_DEATH,196688.7,0.75,0.996,24,0,1,0,APPROVE
PROPERTY,458731.23,0.446,0.15,34,0,0,5,REJECT
AUTO,26694.3,0.849,0.823,8,1,0,0,APPROVE
AUTO,15364.21,0.966,0.8,11,0,0,0,APPROVE
PROPERTY,108927.88,0.969,0.8,12,1,0,0,APPROVE
PROPERTY,55709.39,0.954,0.93,3,1,0,0,APPROVE
LIFE_DEATH,364588.3,0.729,0.811,61,1,1,2,ESCALATE
PROPERTY,79842.39,0.955,0.965,20,1,0,0,APPROVE
LIFE_DEATH,271851.87,0.75,0.997,2,0,1,0,APPROVE
PROPERTY,69079.89,0.75,0.847,2,1,0,0,APPROVE
PROPERTY,90768.24,0.804,0.972,2,1,0,0,APPROVE
PROPERTY,15373.16,0.75,0.959,18,1,0,0,APPROVE
LIFE_DEATH,111023.64,0.75,0.965,5,1,1,1,APPROVE
AUTO,24887.34,0.968,0.988,1,1,0,0,APPROVE
AUTO,338137.58,0.2,0.35,128,0,0,2,REJECT
AUTO,12664.28,0.932,0.8,13,1,0,0,APPROVE
AUTO,16318.31,0.845,0.92,4,1,0,2,APPROVE
LIFE_DEATH,362419.09,0.685,0.657,58,0,1,3,ESCALATE
AUTO,149323.29,0.769,0.725,44,1,0,1,ESCALATE
AUTO,59118.01,0.75,0.814,6,1,0,0,APPROVE
AUTO,10063.57,0.75,0.818,2,1,0,0,APPROVE
PROPERTY,459179.74,0.214,0.15,41,0,0,5,REJECT
LIFE_DEATH,1196124.62,0.2,0.22,197,0,1,3,REJECT
AUTO,77661.33,0.282,0.456,165,0,0,3,REJECT
AUTO,20202.18,0.916,0.997,18,1,0,0,APPROVE
AUTO,107840.04,0.663,0.688,13,1,0,3,ESCALATE
PROPERTY,93512.81,0.75,0.8,16,1,0,2,APPROVE
PROPERTY,58489.05,0.811,0.877,2,1,0,0,APPROVE
LIFE_DEATH,266705.63,0.716,0.791,13,1,1,1,ESCALATE
LIFE_DEATH,747506.81,0.2,0.208,30,0,0,5,REJECT
AUTO,21769.05,0.826,0.854,14,1,0,0,APPROVE
PROPERTY,68912.52,0.898,0.941,1,1,0,0,APPROVE
AUTO,47473.52,0.75,0.885,20,1,0,0,APPROVE
PROPERTY,81551.08,0.909,0.901,1,1,0,1,APPROVE
AUTO,39556.06,0.75,0.807,2,1,0,1,APPROVE
AUTO,310878.73,0.2,0.352,30,0,0,5,REJECT
PROPERTY,51663.81,0.928,0.825,1,1,0,0,APPROVE
AUTO,29360.7,0.831,0.8,21,0,0,1,APPROVE
PROPERTY,64544.06,0.75,0.888,19,1,0,0,APPROVE
AUTO,10078.72,0.843,0.8,8,1,0,1,APPROVE
AUTO,380208.51,0.218,0.295,92,0,0,2,REJECT
LIFE_DEATH,179764.95,0.894,0.888,4,0,1,0,APPROVE
PROPERTY,54702.7,0.979,0.8,6,1,0,1,APPROVE
LIFE_DEATH,652609.15,0.428,0.217,64,0,0,3,REJECT
LIFE_DEATH,480493.19,0.725,0.787,56,1,1,2,ESCALATE
AUTO,58774.85,0.75,0.972,1,1,0,0,APPROVE
PROPERTY,1166047.41,0.2,0.352,37,0,0,3,REJECT
AUTO,91395.56,0.674,0.594,72,1,0,1,ESCALATE
AUTO,11419.99,0.75,0.977,12,0,0,0,APPROVE
PROPERTY,707348.32,0.2,0.322,59,0,0,2,REJECT
PROPERTY,61472.54,0.857,0.975,11,1,0,0,APPROVE
PROPERTY,864655.12,0.389,0.15,86,0,0,5,REJECT
AUTO,146552.39,0.806,0.725,12,1,0,1,ESCALATE
AUTO,9213.03,0.894,0.922,1,1,0,0,APPROVE
LIFE_DEATH,166653.41,0.884,0.966,3,1,1,0,APPROVE
AUTO,9849.84,0.93,0.985,3,0,0,1,APPROVE
LIFE_DEATH,313744.85,0.761,0.602,12,1,1,2,ESCALATE
LIFE_DEATH,571361.35,0.298,0.15,30,0,0,3,REJECT
LIFE_DEATH,1423020.96,0.623,0.15,42,0,1,4,REJECT
PROPERTY,81433.93,0.964,0.8,9,1,0,1,APPROVE
PROPERTY,32600.49,0.926,0.89,2,1,0,0,APPROVE
AUTO,33010.58,0.75,0.959,1,1,0,2,APPROVE
LIFE_DEATH,1336399.63,0.66,0.15,30,0,0,4,REJECT
PROPERTY,21458.93,0.959,0.802,1,0,0,0,APPROVE
LIFE_DEATH,1065087.25,0.68,0.242,103,0,0,5,REJECT
LIFE_DEATH,439015.51,0.649,0.59,40,0,1,2,ESCALATE
PROPERTY,19198.56,0.916,0.918,10,1,0,0,APPROVE
AUTO,32479.78,0.844,0.947,1,1,0,0,APPROVE
LIFE_DEATH,83854.71,0.75,0.894,6,0,1,0,APPROVE
AUTO,352103.03,0.349,0.15,57,0,0,4,REJECT
AUTO,106776.59,0.785,0.669,11,0,0,1,ESCALATE
AUTO,340454.2,0.56,0.486,218,0,0,3,REJECT
AUTO,21378.68,0.75,0.851,17,1,0,0,APPROVE
PROPERTY,309346.29,0.741,0.673,27,0,0,1,ESCALATE
AUTO,32122.95,0.776,0.918,6,1,0,0,APPROVE
AUTO,41126.18,0.817,0.639,14,0,0,2,ESCALATE
AUTO,21168.23,0.81,0.913,14,0,0,0,APPROVE
PROPERTY,674435.24,0.2,0.189,58,0,0,4,REJECT
PROPERTY,599466.87,0.652,0.694,10,0,0,2,ESCALATE
LIFE_DEATH,281548.25,0.914,0.8,16,0,1,2,APPROVE
LIFE_DEATH,153379.13,0.896,0.869,14,1,1,0,APPROVE
LIFE_DEATH,510918.53,0.732,0.772,56,0,1,1,ESCALATE
AUTO,115040.65,0.434,0.155,64,0,0,5,REJECT
AUTO,10278.72,0.75,0.822,2,1,0,1,APPROVE
PROPERTY,113217.4,0.89,0.953,1,1,0,1,APPROVE
LIFE_DEATH,79437.77,0.827,0.802,10,0,1,0,APPROVE
AUTO,10501.38,0.976,0.8,1,1,0,0,APPROVE
PROPERTY,210190.48,0.2,0.498,43,0,0,5,REJECT
AUTO,20944.96,0.99,0.806,5,1,0,0,APPROVE
PROPERTY,43230.56,0.947,0.917,10,1,0,0,APPROVE
LIFE_DEATH,269399.59,0.79,0.985,6,0,1,1,APPROVE
AUTO,23777.79,0.75,0.8,1,1,0,0,APPROVE
AUTO,32956.18,0.844,0.991,11,1,0,2,APPROVE
LIFE_DEATH,128727.39,0.75,0.988,1,1,1,0,APPROVE
LIFE_DEATH,284142.55,0.884,0.898,4,1,1,0,APPROVE
LIFE_DEATH,610217.08,0.2,0.509,102,0,1,4,REJECT
LIFE_DEATH,210888.03,0.872,0.84,3,0,1,1,APPROVE
AUTO,19319.71,0.75,0.92,1,0,0,0,APPROVE
LIFE_DEATH,1318338.84,0.68,0.455,70,0,1,2,REJECT
LIFE_DEATH,533303.31,0.721,0.675,10,0,1,1,ESCALATE
AUTO,17754.9,0.941,0.8,6,1,0,0,APPROVE
AUTO,79883.39,0.741,0.65,25,0,0,1,ESCALATE
AUTO,30808.82,0.883,0.875,1,1,0,0,APPROVE
LIFE_DEATH,210418.93,0.75,0.978,11,1,1,0,APPROVE
AUTO,22555.41,0.99,0.925,1,0,0,0,APPROVE
PROPERTY,461199.62,0.776,0.712,39,0,0,1,ESCALATE
PROPERTY,121021.72,0.857,0.847,7,1,0,1,APPROVE
PROPERTY,106075.52,0.98,0.959,5,1,0,0,APPROVE
LIFE_DEATH,205793.11,0.939,0.8,14,1,1,0,APPROVE
LIFE_DEATH,154380.7,0.778,0.848,6,1,1,0,APPROVE
AUTO,20322.96,0.75,0.936,24,1,0,0,APPROVE
LIFE_DEATH,987350.2,0.2,0.325,42,0,1,5,REJECT
AUTO,15339.0,0.904,0.857,33,0,0,0,APPROVE
LIFE_DEATH,112475.43,0.914,0.929,1,1,1,0,APPROVE
AUTO,33279.9,0.98,0.917,7,1,0,0,APPROVE
LIFE_DEATH,206184.86,0.75,0.951,1,0,1,0,APPROVE
AUTO,22617.62,0.887,0.8,1,1,0,2,APPROVE
AUTO,13530.48,0.889,0.974,2,0,0,0,APPROVE
PROPERTY,72501.19,0.887,0.8,5,1,0,0,APPROVE
AUTO,36896.11,0.972,0.953,2,1,0,0,APPROVE
PROPERTY,354596.62,0.61,0.688,11,1,0,2,ESCALATE
PROPERTY,221108.82,0.655,0.63,35,1,0,1,ESCALATE
PROPERTY,83514.02,0.88,0.999,8,1,0,0,APPROVE
PROPERTY,40422.67,0.826,0.952,10,0,0,0,APPROVE
PROPERTY,46040.93,0.75,0.928,1,0,0,0,APPROVE
LIFE_DEATH,125728.93,0.94,0.947,28,1,1,1,APPROVE
PROPERTY,517858.47,0.218,0.15,79,0,0,4,REJECT
AUTO,19345.73,0.975,0.8,2,0,0,2,APPROVE
PROPERTY,34492.58,0.75,0.944,59,0,0,0,APPROVE
PROPERTY,33609.71,0.883,0.872,7,0,0,0,APPROVE
AUTO,55886.54,0.658,0.614,25,1,0,2,ESCALATE
AUTO,20641.52,0.91,0.933,4,1,0,1,APPROVE
AUTO,39753.89,0.803,0.939,2,1,0,0,APPROVE
LIFE_DEATH,255409.22,0.918,0.8,1,0,1,0,APPROVE
AUTO,14477.49,0.99,0.8,2,1,0,0,APPROVE
LIFE_DEATH,288995.01,0.858,0.8,2,1,1,0,APPROVE
PROPERTY,480959.31,0.376,0.254,30,0,0,3,REJECT
AUTO,15819.74,0.855,0.8,3,1,0,0,APPROVE
AUTO,38144.46,0.919,0.864,8,1,0,1,APPROVE
PROPERTY,1171027.03,0.594,0.318,78,0,0,3,REJECT
LIFE_DEATH,585878.65,0.2,0.521,105,0,0,4,REJECT
LIFE_DEATH,566697.39,0.648,0.631,29,1,1,1,ESCALATE
PROPERTY,139887.96,0.772,0.669,54,0,0,3,ESCALATE
PROPERTY,22126.04,0.788,0.97,45,0,0,0,APPROVE
AUTO,212301.6,0.492,0.511,127,0,0,3,REJECT
AUTO,11114.39,0.914,0.831,4,1,0,0,APPROVE
PROPERTY,30908.2,0.759,0.978,1,0,0,1,APPROVE
AUTO,18707.62,0.771,0.8,1,1,0,0,APPROVE
LIFE_DEATH,268720.49,0.851,0.913,1,1,1,2,APPROVE
PROPERTY,54851.98,0.963,0.992,2,1,0,1,APPROVE
LIFE_DEATH,425894.31,0.433,0.498,54,0,0,4,REJECT
PROPERTY,122711.43,0.804,0.953,7,1,0,0,APPROVE
AUTO,29408.95,0.75,0.907,16,0,0,0,APPROVE
LIFE_DEATH,187944.82,0.911,0.901,4,1,1,0,APPROVE
AUTO,49360.63,0.93,0.952,6,1,0,0,APPROVE
LIFE_DEATH,64460.67,0.957,0.945,7,0,1,0,APPROVE
AUTO,163321.68,0.2,0.15,40,0,0,6,REJECT
AUTO,25147.57,0.75,0.8,1,0,0,0,APPROVE
PROPERTY,66275.86,0.834,0.8,1,1,0,1,APPROVE
PROPERTY,53120.43,0.815,0.981,26,1,0,0,APPROVE
LIFE_DEATH,440309.39,0.6,0.82,40,1,1,2,ESCALATE
LIFE_DEATH,756200.39,0.2,0.235,142,0,0,3,REJECT
PROPERTY,27684.55,0.943,0.981,8,1,0,0,APPROVE
AUTO,31879.2,0.75,0.947,1,1,0,0,APPROVE
LIFE_DEATH,148880.53,0.847,0.967,10,0,1,0,APPROVE
LIFE_DEATH,860261.76,0.245,0.34,44,0,0,5,REJECT
AUTO,119530.99,0.62,0.59,17,1,0,1,ESCALATE
PROPERTY,980849.07,0.2,0.358,96,0,0,2,REJECT
AUTO,404465.43,0.2,0.15,62,0,0,6,REJECT
AUTO,75554.0,0.884,0.934,3,1,0,0,APPROVE
LIFE_DEATH,102928.59,0.932,0.976,11,1,1,0,APPROVE
PROPERTY,391009.53,0.453,0.289,40,0,0,2,REJECT
PROPERTY,547483.19,0.781,0.675,12,0,0,1,ESCALATE
AUTO,41772.9,0.699,0.698,15,0,0,2,ESCALATE
AUTO,42713.25,0.907,0.966,1,1,0,0,APPROVE
AUTO,24113.85,0.819,0.912,15,0,0,0,APPROVE
PROPERTY,500200.01,0.663,0.664,13,1,0,2,ESCALATE
PROPERTY,318627.25,0.738,0.739,56,1,0,1,ESCALATE
AUTO,22718.36,0.75,0.874,1,1,0,0,APPROVE
PROPERTY,546533.5,0.2,0.193,61,0,0,3,REJECT
PROPERTY,29099.41,0.871,0.958,1,1,0,2,APPROVE
PROPERTY,163871.56,0.71,0.671,47,1,0,2,ESCALATE
AUTO,15833.17,0.75,0.914,25,0,0,1,APPROVE
AUTO,29343.39,0.92,0.8,20,1,0,0,APPROVE
LIFE_DEATH,1390483.52,0.511,0.198,91,0,1,2,REJECT
PROPERTY,37606.66,0.896,0.889,16,1,0,0,APPROVE
PROPERTY,53392.17,0.75,0.884,3,1,0,0,APPROVE
LIFE_DEATH,876749.61,0.53,0.15,94,0,0,5,REJECT
PROPERTY,74570.63,0.871,0.838,7,1,0,0,APPROVE
PROPERTY,217605.36,0.834,0.661,42,0,0,2,ESCALATE
AUTO,134160.35,0.785,0.64,25,1,0,3,ESCALATE
AUTO,12236.28,0.75,0.982,4,0,0,0,APPROVE
PROPERTY,61735.22,0.956,0.947,12,1,0,0,APPROVE
PROPERTY,307203.43,0.734,0.617,15,1,0,1,ESCALATE
LIFE_DEATH,1070672.02,0.633,0.322,89,0,0,5,REJECT
PROPERTY,439427.22,0.77,0.732,33,1,0,1,ESCALATE
AUTO,39178.18,0.852,0.92,4,1,0,1,APPROVE
LIFE_DEATH,930917.66,0.68,0.488,62,0,0,2,REJECT
PROPERTY,65157.25,0.847,0.8,4,1,0,0,APPROVE
LIFE_DEATH,874918.12,0.653,0.198,92,0,0,6,REJECT
AUTO,9909.68,0.75,0.8,2,0,0,1,APPROVE
LIFE_DEATH,139678.88,0.96,0.937,13,0,1,1,APPROVE
PROPERTY,85864.06,0.981,0.872,16,1,0,0,APPROVE
PROPERTY,50492.88,0.75,0.813,1,1,0,0,APPROVE
PROPERTY,216183.86,0.645,0.712,43,1,0,1,ESCALATE
PROPERTY,81406.55,0.969,0.914,5,1,0,1,APPROVE
PROPERTY,385760.48,0.659,0.58,12,0,0,3,ESCALATE
AUTO,123599.35,0.223,0.356,98,0,0,3,REJECT
PROPERTY,47216.47,0.933,0.974,24,0,0,0,APPROVE
PROPERTY,1098125.56,0.2,0.481,116,0,0,5,REJECT
AUTO,23282.62,0.969,0.923,16,0,0,0,APPROVE
PROPERTY,44860.27,0.81,0.975,15,1,0,0,APPROVE
PROPERTY,21568.16,0.979,0.8,2,1,0,0,APPROVE
LIFE_DEATH,226007.86,0.907,0.924,19,0,1,1,APPROVE
AUTO,33619.26,0.948,0.8,2,1,0,1,APPROVE
AUTO,268279.98,0.387,0.38,39,0,0,2,REJECT
AUTO,108997.81,0.794,0.741,18,0,0,1,ESCALATE
LIFE_DEATH,280576.94,0.882,0.967,7,1,1,0,APPROVE
AUTO,90810.24,0.28,0.15,54,0,0,4,REJECT
AUTO,348183.6,0.468,0.52,113,0,0,3,REJECT
PROPERTY,149063.03,0.668,0.82,25,1,0,2,ESCALATE
PROPERTY,1146584.06,0.351,0.3,151,0,0,2,REJECT
PROPERTY,76692.41,0.75,0.8,9,1,0,0,APPROVE
AUTO,9934.93,0.939,0.88,12,0,0,0,APPROVE
PROPERTY,79812.39,0.987,0.997,1,1,0,0,APPROVE
AUTO,3641.38,0.794,0.8,11,0,0,0,APPROVE
AUTO,297560.1,0.539,0.382,53,0,0,3,REJECT
AUTO,380571.82,0.2,0.301,135,0,0,5,REJECT
LIFE_DEATH,142735.25,0.99,0.922,8,1,1,2,APPROVE
PROPERTY,479715.45,0.208,0.15,68,0,0,4,REJECT
AUTO,75872.27,0.72,0.744,18,0,0,2,ESCALATE
AUTO,225919.18,0.2,0.448,68,0,0,2,REJECT
PROPERTY,822725.83,0.216,0.426,79,0,0,3,REJECT
AUTO,51285.35,0.898,0.91,15,1,0,2,APPROVE
AUTO,16331.92,0.99,0.802,25,1,0,0,APPROVE
AUTO,126481.84,0.738,0.634,11,0,0,1,ESCALATE
PROPERTY,199679.73,0.721,0.736,25,1,0,3,ESCALATE
PROPERTY,44157.53,0.75,0.847,13,1,0,0,APPROVE
AUTO,22589.87,0.984,0.932,17,0,0,0,APPROVE
AUTO,17443.75,0.97,0.815,4,1,0,0,APPROVE
LIFE_DEATH,443102.16,0.463,0.191,137,0,0,2,REJECT
AUTO,18776.16,0.971,0.884,17,0,0,1,APPROVE
LIFE_DEATH,1217193.96,0.2,0.503,55,0,0,3,REJECT
PROPERTY,135720.15,0.617,0.728,31,1,0,1,ESCALATE
AUTO,33943.63,0.807,0.89,1,1,0,0,APPROVE
PROPERTY,462121.47,0.2,0.15,152,0,0,4,REJECT
PROPERTY,480420.93,0.661,0.609,25,0,0,2,ESCALATE
AUTO,21812.92,0.91,0.975,24,1,0,0,APPROVE
AUTO,4106.45,0.82,0.987,2,0,0,1,APPROVE
AUTO,259340.51,0.249,0.161,31,0,0,6,REJECT
PROPERTY,47350.24,0.75,0.8,1,0,0,0,APPROVE
AUTO,48968.34,0.882,0.918,9,1,0,0,APPROVE
PROPERTY,75358.96,0.842,0.95,4,1,0,0,APPROVE
LIFE_DEATH,176313.09,0.759,0.866,8,0,1,0,APPROVE
LIFE_DEATH,938621.44,0.545,0.15,32,0,0,2,REJECT
AUTO,284946.07,0.569,0.15,116,0,0,3,REJECT
PROPERTY,69634.9,0.75,0.912,2,1,0,0,APPROVE
AUTO,29177.56,0.967,0.8,10,0,0,2,APPROVE
AUTO,273603.64,0.2,0.238,53,0,0,6,REJECT
AUTO,320030.34,0.515,0.436,43,0,0,5,REJECT
AUTO,9875.76,0.75,0.871,10,0,0,1,APPROVE
AUTO,44796.04,0.741,0.58,51,1,0,2,ESCALATE
AUTO,260547.48,0.324,0.219,160,0,0,4,REJECT
AUTO,75194.37,0.6,0.667,37,0,0,2,ESCALATE
PROPERTY,55256.36,0.75,0.8,12,1,0,0,APPROVE
AUTO,299156.94,0.2,0.15,125,0,0,2,REJECT
AUTO,226602.69,0.2,0.215,61,0,0,2,REJECT
AUTO,31738.77,0.988,0.8,2,1,0,1,APPROVE
LIFE_DEATH,62445.25,0.975,0.98,3,1,1,0,APPROVE
AUTO,27394.24,0.84,0.908,2,1,0,2,APPROVE
AUTO,17126.4,0.75,0.913,6,0,0,0,APPROVE
AUTO,51506.11,0.935,0.804,10,1,0,0,APPROVE
LIFE_DEATH,653984.23,0.699,0.718,24,0,1,1,ESCALATE
AUTO,24503.72,0.895,0.8,4,1,0,1,APPROVE
AUTO,25085.42,0.873,0.8,7,0,0,0,APPROVE
PROPERTY,50300.2,0.953,0.947,1,1,0,1,APPROVE
AUTO,32478.54,0.79,0.951,5,1,0,0,APPROVE
PROPERTY,51320.29,0.976,0.953,16,1,0,0,APPROVE
LIFE_DEATH,491007.47,0.2,0.217,102,0,0,5,REJECT
AUTO,8199.27,0.876,0.924,21,1,0,2,APPROVE
PROPERTY,102958.77,0.794,0.714,26,0,0,1,ESCALATE
LIFE_DEATH,282284.88,0.906,0.893,1,1,1,0,APPROVE
PROPERTY,29968.56,0.917,0.802,15,1,0,0,APPROVE
AUTO,42533.88,0.841,0.996,9,1,0,0,APPROVE
PROPERTY,26861.12,0.75,0.903,28,0,0,0,APPROVE
PROPERTY,415307.92,0.369,0.322,72,0,0,5,REJECT
LIFE_DEATH,739287.96,0.681,0.592,11,1,1,2,ESCALATE
AUTO,10709.69,0.866,0.918,8,0,0,0,APPROVE
AUTO,12346.95,0.894,0.975,4,0,0,0,APPROVE
PROPERTY,108036.58,0.75,0.914,6,1,0,0,APPROVE
PROPERTY,43968.97,0.99,0.993,5,1,0,0,APPROVE
PROPERTY,439875.51,0.654,0.549,66,0,0,5,REJECT
PROPERTY,833764.16,0.219,0.371,147,0,0,4,REJECT
AUTO,15573.61,0.807,0.911,2,0,0,0,APPROVE
LIFE_DEATH,71858.17,0.871,0.947,7,1,1,0,APPROVE
PROPERTY,498762.66,0.2,0.15,245,0,0,4,REJECT
AUTO,52590.25,0.917,0.8,1,1,0,1,APPROVE
AUTO,233314.44,0.487,0.247,54,0,0,2,REJECT
AUTO,34072.71,0.884,0.865,14,1,0,0,APPROVE
AUTO,315552.26,0.266,0.236,36,0,0,3,REJECT
AUTO,25069.16,0.985,0.998,32,0,0,0,APPROVE
LIFE_DEATH,275936.44,0.862,0.995,3,1,1,0,APPROVE
LIFE_DEATH,769616.3,0.604,0.72,32,0,1,1,ESCALATE
AUTO,116465.18,0.775,0.794,35,1,0,1,ESCALATE
PROPERTY,38230.5,0.874,0.908,1,1,0,0,APPROVE
AUTO,14385.35,0.75,0.995,1,1,0,0,APPROVE
LIFE_DEATH,624538.91,0.2,0.349,178,0,1,2,REJECT
AUTO,64037.85,0.75,0.923,32,1,0,0,APPROVE
AUTO,57228.56,0.932,0.842,7,1,0,0,APPROVE
LIFE_DEATH,210251.51,0.861,0.874,9,0,1,0,APPROVE
AUTO,18930.79,0.837,0.988,23,0,0,1,APPROVE
PROPERTY,45092.33,0.75,0.998,1,1,0,1,APPROVE
LIFE_DEATH,482728.94,0.622,0.716,22,0,1,1,ESCALATE
AUTO,34666.69,0.75,0.8,8,1,0,1,APPROVE
AUTO,9575.96,0.75,0.8,20,0,0,0,APPROVE
AUTO,17494.28,0.883,0.836,7,1,0,0,APPROVE
AUTO,32157.63,0.977,0.885,7,1,0,0,APPROVE
AUTO,144021.64,0.222,0.544,93,0,0,3,REJECT
PROPERTY,519510.98,0.644,0.82,107,1,0,1,ESCALATE
AUTO,26685.65,0.846,0.921,2,0,0,0,APPROVE
AUTO,63551.93,0.71,0.711,37,0,0,2,ESCALATE
PROPERTY,181923.05,0.2,0.327,33,0,0,5,REJECT
PROPERTY,650931.03,0.2,0.15,39,0,0,3,REJECT
LIFE_DEATH,1008153.5,0.256,0.341,53,0,0,3,REJECT
PROPERTY,53571.62,0.75,0.972,1,1,0,0,APPROVE
AUTO,3494.04,0.886,0.967,12,0,0,1,APPROVE
AUTO,195306.18,0.461,0.15,53,0,0,2,REJECT
AUTO,17861.35,0.75,0.869,16,0,0,1,APPROVE
AUTO,409627.85,0.435,0.177,40,0,0,4,REJECT
AUTO,14837.11,0.792,0.853,20,1,0,0,APPROVE
AUTO,10995.75,0.864,0.886,12,0,0,1,APPROVE
LIFE_DEATH,223974.78,0.75,0.934,10,0,1,0,APPROVE
LIFE_DEATH,1322416.4,0.276,0.173,36,0,1,2,REJECT
LIFE_DEATH,284720.83,0.941,0.984,1,1,1,0,APPROVE
PROPERTY,28109.85,0.769,0.927,4,0,0,1,APPROVE
AUTO,23744.77,0.773,0.99,5,1,0,0,APPROVE
AUTO,235735.9,0.401,0.15,62,0,0,3,REJECT
PROPERTY,574625.41,0.713,0.605,26,0,0,2,ESCALATE
LIFE_DEATH,255086.25,0.968,0.8,14,1,1,0,APPROVE
PROPERTY,235761.11,0.679,0.604,35,0,0,1,ESCALATE
AUTO,110604.69,0.718,0.58,16,1,0,2,ESCALATE
AUTO,7949.51,0.75,0.8,26,0,0,1,APPROVE
AUTO,430301.87,0.2,0.24,73,0,0,2,REJECT
LIFE_DEATH,236110.54,0.875,0.836,8,0,1,0,APPROVE
LIFE_DEATH,158483.81,0.924,0.871,18,1,1,1,APPROVE
PROPERTY,60509.55,0.903,0.918,1,1,0,0,APPROVE
AUTO,44382.53,0.783,0.841,1,1,0,0,APPROVE
AUTO,36875.81,0.918,0.983,1,1,0,1,APPROVE
PROPERTY,237868.15,0.829,0.619,39,1,0,1,ESCALATE
AUTO,73277.43,0.666,0.58,71,1,0,1,ESCALATE
AUTO,6837.62,0.944,0.943,13,0,0,0,APPROVE
LIFE_DEATH,547514.93,0.68,0.712,120,0,1,3,ESCALATE
PROPERTY,338682.44,0.656,0.73,16,1,0,1,ESCALATE
PROPERTY,100911.66,0.923,0.842,5,1,0,0,APPROVE
LIFE_DEATH,244801.28,0.821,0.948,24,0,1,1,APPROVE
AUTO,388400.74,0.2,0.181,100,0,0,4,REJECT
AUTO,209514.4,0.2,0.65,138,0,0,4,REJECT
AUTO,364787.2,0.329,0.65,50,0,0,5,REJECT
AUTO,10525.36,0.924,0.914,9,1,0,0,APPROVE
AUTO,12886.98,0.946,0.823,8,0,0,0,APPROVE
LIFE_DEATH,1165061.52,0.291,0.288,33,0,0,4,REJECT
PROPERTY,66493.54,0.882,0.87,28,1,0,0,APPROVE
LIFE_DEATH,62290.21,0.915,0.933,30,0,1,0,APPROVE
LIFE_DEATH,212042.01,0.873,0.98,10,1,1,0,APPROVE
LIFE_DEATH,230377.94,0.815,0.99,7,1,1,0,APPROVE
AUTO,28183.64,0.898,0.965,1,1,0,0,APPROVE
AUTO,25138.65,0.812,0.955,4,1,0,0,APPROVE
AUTO,268425.67,0.2,0.229,73,0,0,3,REJECT
LIFE_DEATH,57227.96,0.855,0.8,3,0,1,0,APPROVE
AUTO,268222.51,0.2,0.298,49,0,0,4,REJECT
AUTO,48280.08,0.913,0.955,5,1,0,0,APPROVE
PROPERTY,30051.09,0.941,0.984,3,0,0,1,APPROVE
AUTO,94465.96,0.68,0.348,250,0,0,5,REJECT
AUTO,46341.68,0.963,0.874,1,1,0,0,APPROVE
PROPERTY,40904.9,0.761,0.8,18,0,0,0,APPROVE
PROPERTY,52626.73,0.797,0.946,1,1,0,0,APPROVE
PROPERTY,50553.36,0.953,0.87,16,1,0,2,APPROVE
AUTO,18620.12,0.75,0.859,14,0,0,2,APPROVE
PROPERTY,13569.83,0.75,0.921,6,1,0,0,APPROVE
AUTO,33329.14,0.987,0.8,1,1,0,2,APPROVE
AUTO,302901.41,0.604,0.223,231,0,0,4,REJECT
AUTO,14841.27,0.75,0.989,32,0,0,0,APPROVE
AUTO,267816.64,0.558,0.15,103,0,0,2,REJECT
LIFE_DEATH,231139.48,0.883,0.984,4,1,1,0,APPROVE
AUTO,20166.81,0.882,0.974,16,0,0,0,APPROVE
LIFE_DEATH,266998.48,0.942,0.993,13,1,1,0,APPROVE
AUTO,31814.93,0.917,0.995,3,1,0,0,APPROVE
PROPERTY,29811.2,0.75,0.872,9,1,0,1,APPROVE
AUTO,90717.23,0.673,0.777,12,0,0,3,ESCALATE
PROPERTY,92273.87,0.987,0.963,6,1,0,1,APPROVE
PROPERTY,38310.94,0.835,0.804,3,1,0,0,APPROVE
AUTO,130961.24,0.723,0.714,60,0,0,2,ESCALATE
LIFE_DEATH,449390.3,0.634,0.17,46,0,1,6,REJECT
PROPERTY,45263.53,0.787,0.902,7,0,0,0,APPROVE
AUTO,59119.72,0.75,0.931,4,1,0,0,APPROVE
LIFE_DEATH,635741.64,0.668,0.588,21,1,1,1,ESCALATE
PROPERTY,59504.97,0.851,0.8,2,1,0,1,APPROVE
PROPERTY,50179.22,0.78,0.8,7,1,0,0,APPROVE
PROPERTY,146312.4,0.657,0.82,44,1,0,1,ESCALATE
AUTO,12265.78,0.915,0.904,5,1,0,1,APPROVE
LIFE_DEATH,598502.39,0.621,0.354,41,0,1,4,REJECT
AUTO,253054.44,0.328,0.376,53,0,0,2,REJECT
AUTO,44790.36,0.901,0.884,4,1,0,0,APPROVE
LIFE_DEATH,983941.95,0.2,0.494,71,0,1,4,REJECT
LIFE_DEATH,211455.6,0.75,0.987,2,0,1,2,APPROVE
AUTO,31524.48,0.905,0.919,11,1,0,2,APPROVE
AUTO,33207.77,0.96,0.947,19,1,0,1,APPROVE
AUTO,267362.54,0.31,0.523,134,0,0,4,REJECT
LIFE_DEATH,1400586.98,0.2,0.346,112,0,1,2,REJECT
PROPERTY,80781.52,0.921,0.8,15,1,0,0,APPROVE
LIFE_DEATH,232628.66,0.907,0.8,4,0,1,0,APPROVE
PROPERTY,133759.69,0.925,0.944,6,1,0,0,APPROVE
AUTO,8073.07,0.821,0.817,1,1,0,0,APPROVE
PROPERTY,468225.89,0.606,0.82,44,1,0,1,ESCALATE
AUTO,20141.41,0.94,0.998,10,0,0,0,APPROVE
PROPERTY,394404.26,0.612,0.15,262,0,0,2,REJECT
AUTO,17260.91,0.75,0.813,1,1,0,0,APPROVE
PROPERTY,30308.86,0.909,0.876,5,0,0,2,APPROVE
AUTO,15797.8,0.806,0.938,9,0,0,0,APPROVE
AUTO,18473.07,0.918,0.953,1,0,0,0,APPROVE
AUTO,346176.61,0.353,0.163,41,0,0,3,REJECT
AUTO,30489.79,0.844,0.8,13,1,0,1,APPROVE
AUTO,321211.83,0.2,0.15,62,0,0,5,REJECT
AUTO,17426.15,0.75,0.815,1,0,0,0,APPROVE
AUTO,16771.0,0.979,0.991,13,1,0,1,APPROVE
AUTO,24308.2,0.977,0.818,6,1,0,2,APPROVE
LIFE_DEATH,225076.4,0.833,0.948,1,1,1,0,APPROVE
AUTO,126242.1,0.697,0.672,92,0,0,1,ESCALATE
AUTO,25357.96,0.77,0.8,41,0,0,1,APPROVE
AUTO,28664.38,0.819,0.988,16,0,0,0,APPROVE
AUTO,445328.21,0.2,0.327,60,0,0,3,REJECT
LIFE_DEATH,258871.54,0.798,0.989,7,1,1,0,APPROVE
PROPERTY,58100.66,0.75,0.901,2,1,0,0,APPROVE
PROPERTY,55421.69,0.942,0.8,5,1,0,1,APPROVE
AUTO,234673.46,0.342,0.34,173,0,0,3,REJECT
PROPERTY,404296.04,0.71,0.77,23,0,0,1,ESCALATE
LIFE_DEATH,92025.64,0.75,0.974,1,1,1,0,APPROVE
AUTO,28389.79,0.802,0.839,3,1,0,0,APPROVE
AUTO,36145.0,0.858,0.854,5,1,0,0,APPROVE
PROPERTY,264588.84,0.626,0.82,18,0,0,1,ESCALATE
LIFE_DEATH,382562.45,0.6,0.714,21,1,1,1,ESCALATE
LIFE_DEATH,95192.48,0.804,0.8,27,1,1,2,APPROVE
PROPERTY,40871.8,0.924,0.8,4,0,0,0,APPROVE
AUTO,190754.26,0.317,0.32,55,0,0,2,REJECT
PROPERTY,42952.23,0.838,0.803,1,0,0,1,APPROVE
AUTO,167922.4,0.347,0.15,67,0,0,2,REJECT
AUTO,445337.23,0.2,0.324,113,0,0,3,REJECT
AUTO,60631.97,0.75,0.8,18,1,0,1,APPROVE
AUTO,275066.13,0.271,0.425,177,0,0,3,REJECT
AUTO,16370.42,0.75,0.96,2,1,0,0,APPROVE
AUTO,38295.24,0.75,0.974,42,1,0,0,APPROVE
AUTO,28198.44,0.896,0.861,15,0,0,0,APPROVE
AUTO,123667.22,0.2,0.263,38,0,0,6,REJECT
AUTO,19709.46,0.905,0.93,7,0,0,1,APPROVE
PROPERTY,108118.51,0.754,0.936,3,1,0,0,APPROVE
PROPERTY,437917.99,0.2,0.286,246,0,0,4,REJECT
AUTO,21796.13,0.869,0.957,3,0,0,1,APPROVE
LIFE_DEATH,408069.6,0.616,0.617,29,0,1,1,ESCALATE
AUTO,18940.76,0.804,0.874,17,1,0,0,APPROVE
LIFE_DEATH,87174.83,0.75,0.945,3,1,1,1,APPROVE
PROPERTY,82433.85,0.823,0.82,5,1,0,0,APPROVE
AUTO,47373.89,0.865,0.925,35,1,0,0,APPROVE
LIFE_DEATH,576452.55,0.68,0.721,53,0,1,3,ESCALATE
LIFE_DEATH,682313.9,0.676,0.74,15,1,1,1,ESCALATE
PROPERTY,21623.69,0.814,0.8,9,1,0,1,APPROVE
AUTO,11777.21,0.988,0.96,1,0,0,0,APPROVE
AUTO,38418.49,0.933,0.967,2,1,0,0,APPROVE
LIFE_DEATH,1405308.24,0.68,0.15,262,0,0,3,REJECT
AUTO,128658.22,0.643,0.618,24,1,0,1,ESCALATE
AUTO,32782.24,0.98,0.996,7,1,0,1,APPROVE
AUTO,138592.71,0.2,0.39,148,0,0,3,REJECT
PROPERTY,65508.14,0.866,0.984,13,1,0,1,APPROVE
LIFE_DEATH,144784.83,0.807,0.867,1,0,1,0,APPROVE
PROPERTY,1089399.01,0.2,0.226,118,0,0,2,REJECT
AUTO,21921.8,0.854,0.908,19,0,0,0,APPROVE
AUTO,59333.49,0.954,0.8,4,1,0,1,APPROVE
LIFE_DEATH,267600.12,0.976,0.996,17,0,1,0,APPROVE
PROPERTY,53412.18,0.75,0.985,12,1,0,1,APPROVE
AUTO,330708.87,0.2,0.15,91,0,0,5,REJECT
PROPERTY,249208.07,0.228,0.286,30,0,0,3,REJECT
AUTO,66350.65,0.684,0.585,31,0,0,2,ESCALATE
PROPERTY,37564.27,0.75,0.915,17,0,0,0,APPROVE
PROPERTY,50725.99,0.839,0.8,18,1,0,0,APPROVE
AUTO,46346.25,0.786,0.82,39,1,0,2,ESCALATE
LIFE_DEATH,122977.4,0.821,0.922,25,1,1,0,APPROVE
AUTO,282445.74,0.556,0.28,50,0,0,3,REJECT
AUTO,378599.72,0.2,0.65,69,0,0,3,REJECT
PROPERTY,69618.37,0.929,0.816,1,1,0,0,APPROVE
AUTO,141623.83,0.576,0.385,97,0,0,2,REJECT
PROPERTY,41181.11,0.9,0.963,14,1,0,1,APPROVE
AUTO,55450.1,0.75,0.847,3,1,0,0,APPROVE
LIFE_DEATH,136109.57,0.757,0.969,14,1,1,0,APPROVE
AUTO,72388.51,0.2,0.15,81,0,0,2,REJECT
AUTO,181104.44,0.2,0.15,79,0,0,5,REJECT
AUTO,139464.01,0.564,0.429,45,0,0,5,REJECT
LIFE_DEATH,162566.3,0.916,0.8,2,1,1,0,APPROVE
AUTO,116911.88,0.691,0.676,22,0,0,3,ESCALATE
LIFE_DEATH,135955.62,0.875,0.98,44,0,1,0,APPROVE
AUTO,36315.08,0.951,0.8,3,1,0,0,APPROVE
LIFE_DEATH,68224.61,0.75,0.868,1,0,1,0,APPROVE
PROPERTY,443423.27,0.683,0.82,21,0,0,1,ESCALATE
LIFE_DEATH,741271.07,0.397,0.36,49,0,0,3,REJECT
LIFE_DEATH,74223.04,0.933,0.8,9,1,1,0,APPROVE
AUTO,21672.33,0.91,0.8,20,0,0,0,APPROVE
LIFE_DEATH,67875.76,0.955,0.914,1,1,1,0,APPROVE
AUTO,149659.36,0.215,0.198,44,0,0,3,REJECT
LIFE_DEATH,208773.41,0.909,0.831,10,1,1,0,APPROVE
LIFE_DEATH,254031.39,0.847,0.976,5,0,1,0,APPROVE
AUTO,165668.34,0.485,0.407,85,0,0,6,REJECT
PROPERTY,26438.55,0.818,0.903,5,1,0,0,APPROVE
AUTO,8128.64,0.887,0.8,13,0,0,2,APPROVE
PROPERTY,102059.48,0.75,0.947,3,1,0,2,APPROVE
PROPERTY,1197974.82,0.68,0.376,110,0,0,3,REJECT
AUTO,24902.53,0.957,0.907,7,1,0,0,APPROVE
AUTO,286565.59,0.284,0.15,75,0,0,4,REJECT
AUTO,50193.38,0.852,0.875,1,1,0,0,APPROVE
AUTO,34919.67,0.953,0.871,4,1,0,0,APPROVE
AUTO,180685.07,0.31,0.174,31,0,0,3,REJECT
AUTO,100765.15,0.696,0.784,34,0,0,2,ESCALATE
AUTO,27265.05,0.807,0.951,2,1,0,0,APPROVE
PROPERTY,1106079.86,0.324,0.331,44,0,0,3,REJECT
AUTO,17534.04,0.837,0.92,16,0,0,0,APPROVE
AUTO,23791.18,0.75,0.948,14,1,0,0,APPROVE
AUTO,205074.04,0.544,0.259,33,0,0,3,REJECT
LIFE_DEATH,152735.64,0.803,0.845,3,0,1,0,APPROVE
LIFE_DEATH,288217.38,0.962,0.994,16,1,1,0,APPROVE
LIFE_DEATH,787621.04,0.2,0.15,44,0,0,4,REJECT
AUTO,31386.72,0.896,0.931,8,1,0,1,APPROVE
AUTO,379832.84,0.31,0.303,53,0,0,3,REJECT
PROPERTY,69329.88,0.939,0.879,7,1,0,0,APPROVE
AUTO,22154.74,0.874,0.878,2,0,0,0,APPROVE
AUTO,36448.81,0.954,0.937,6,1,0,1,APPROVE
LIFE_DEATH,704719.42,0.735,0.701,42,0,1,2,ESCALATE
PROPERTY,35227.15,0.75,0.8,5,0,0,0,APPROVE
LIFE_DEATH,267582.26,0.86,0.841,5,1,1,0,APPROVE
AUTO,23128.8,0.75,0.8,7,0,0,1,APPROVE
AUTO,287519.24,0.211,0.451,49,0,0,6,REJECT
AUTO,102283.32,0.779,0.688,52,0,0,1,ESCALATE
AUTO,18607.71,0.762,0.8,11,1,0,0,APPROVE
AUTO,9811.79,0.954,0.8,3,1,0,0,APPROVE
AUTO,20664.62,0.923,0.957,22,0,0,0,APPROVE
AUTO,391034.88,0.296,0.342,84,0,0,3,REJECT
AUTO,20828.51,0.802,0.8,19,1,0,2,APPROVE
AUTO,85810.35,0.711,0.635,11,0,0,2,ESCALATE
PROPERTY,20289.14,0.75,0.8,38,1,0,0,APPROVE
AUTO,51072.84,0.715,0.798,67,0,0,1,ESCALATE
AUTO,16047.24,0.864,0.8,32,0,0,1,APPROVE
AUTO,13039.85,0.915,0.932,11,1,0,2,APPROVE
AUTO,96487.78,0.428,0.311,45,0,0,6,REJECT
LIFE_DEATH,507818.44,0.607,0.737,33,0,1,2,ESCALATE
AUTO,98127.6,0.51,0.15,37,0,0,4,REJECT
AUTO,24360.73,0.884,0.94,12,0,0,1,APPROVE
PROPERTY,1014376.43,0.2,0.243,163,0,0,4,REJECT
AUTO,343561.86,0.2,0.65,32,0,0,5,REJECT
PROPERTY,79050.1,0.918,0.954,4,1,0,0,APPROVE
PROPERTY,38206.3,0.799,0.929,19,1,0,0,APPROVE
PROPERTY,103441.16,0.784,0.953,16,1,0,1,APPROVE
PROPERTY,702161.95,0.609,0.15,78,0,0,3,REJECT
LIFE_DEATH,1134780.9,0.2,0.444,112,0,0,3,REJECT
AUTO,13119.45,0.829,0.905,3,1,0,0,APPROVE
LIFE_DEATH,60523.3,0.833,0.814,6,0,1,0,APPROVE
LIFE_DEATH,514282.14,0.603,0.646,20,0,1,3,ESCALATE
PROPERTY,46142.8,0.824,0.937,9,1,0,0,APPROVE
PROPERTY,394885.52,0.666,0.82,13,0,0,3,ESCALATE
PROPERTY,1194087.43,0.266,0.44,53,0,0,4,REJECT
LIFE_DEATH,231984.83,0.751,0.97,10,0,1,2,APPROVE
PROPERTY,40602.93,0.955,0.8,11,0,0,1,APPROVE
AUTO,68420.05,0.976,0.905,10,1,0,0,APPROVE
PROPERTY,37725.66,0.902,0.906,12,0,0,1,APPROVE
LIFE_DEATH,122221.82,0.939,0.951,8,0,1,0,APPROVE
LIFE_DEATH,775148.55,0.217,0.176,100,0,0,3,REJECT
AUTO,18740.49,0.808,0.859,3,0,0,0,APPROVE
AUTO,18768.47,0.807,0.918,1,1,0,1,APPROVE
AUTO,13522.93,0.946,0.979,1,0,0,0,APPROVE
PROPERTY,77596.12,0.792,0.895,1,1,0,0,APPROVE
AUTO,17676.87,0.75,0.936,3,0,0,0,APPROVE
LIFE_DEATH,284123.33,0.954,0.918,1,1,1,0,APPROVE
AUTO,12008.49,0.915,0.957,4,0,0,0,APPROVE
PROPERTY,1123215.81,0.315,0.412,66,0,0,5,REJECT
AUTO,30208.3,0.759,0.99,10,1,0,0,APPROVE
LIFE_DEATH,947985.26,0.482,0.15,108,0,0,3,REJECT
PROPERTY,57604.64,0.787,0.928,1,1,0,1,APPROVE
PROPERTY,349619.5,0.733,0.74,11,0,0,1,ESCALATE
PROPERTY,127032.35,0.799,0.985,14,1,0,0,APPROVE
AUTO,4753.2,0.825,0.8,9,1,0,0,APPROVE
PROPERTY,896055.63,0.586,0.15,95,0,0,5,REJECT
AUTO,238715.68,0.275,0.602,82,0,0,2,REJECT
AUTO,379312.66,0.347,0.361,88,0,0,2,REJECT
AUTO,131479.66,0.656,0.394,83,0,0,5,REJECT
LIFE_DEATH,1010220.93,0.2,0.65,46,0,0,3,REJECT
AUTO,164754.76,0.2,0.649,58,0,0,5,REJECT
PROPERTY,36665.88,0.908,0.984,1,0,0,1,APPROVE
AUTO,47759.36,0.838,0.901,5,1,0,1,APPROVE
PROPERTY,626798.22,0.24,0.47,34,0,0,2,REJECT
LIFE_DEATH,93047.13,0.921,0.973,3,1,1,0,APPROVE
AUTO,10397.0,0.901,0.903,4,1,0,0,APPROVE
LIFE_DEATH,698192.96,0.817,0.747,16,1,1,2,ESCALATE
LIFE_DEATH,595657.7,0.25,0.152,261,0,1,4,REJECT
AUTO,5092.55,0.929,0.821,7,0,0,1,APPROVE
PROPERTY,69853.64,0.75,0.8,21,1,0,1,APPROVE
PROPERTY,347471.83,0.777,0.684,30,1,0,1,ESCALATE
PROPERTY,32469.01,0.905,0.934,11,1,0,0,APPROVE
AUTO,98774.59,0.745,0.695,37,1,0,2,ESCALATE
PROPERTY,57176.1,0.817,0.971,1,1,0,1,APPROVE
PROPERTY,733077.14,0.364,0.344,75,0,0,3,REJECT
LIFE_DEATH,282061.34,0.962,0.959,13,1,1,0,APPROVE
AUTO,384063.9,0.62,0.2,110,0,0,2,REJECT
AUTO,426302.05,0.248,0.15,64,0,0,4,REJECT
LIFE_DEATH,121242.07,0.939,0.994,15,0,1,0,APPROVE
AUTO,18864.91,0.97,0.899,31,0,0,0,APPROVE
PROPERTY,277640.75,0.754,0.644,40,1,0,3,ESCALATE
AUTO,27674.53,0.852,0.958,4,1,0,0,APPROVE
AUTO,63882.66,0.722,0.692,12,1,0,3,ESCALATE
AUTO,381987.86,0.347,0.15,92,0,0,4,REJECT
PROPERTY,56209.2,0.778,0.982,2,1,0,0,APPROVE
AUTO,29298.34,0.853,0.889,1,1,0,1,APPROVE
LIFE_DEATH,229755.71,0.921,0.966,6,1,1,0,APPROVE
PROPERTY,81093.83,0.75,0.97,1,1,0,0,APPROVE
AUTO,21841.85,0.88,0.896,1,0,0,0,APPROVE
PROPERTY,37718.19,0.823,0.954,8,0,0,0,APPROVE
LIFE_DEATH,1427281.77,0.211,0.44,30,0,0,6,REJECT
LIFE_DEATH,157489.4,0.75,0.994,1,1,1,0,APPROVE
LIFE_DEATH,210111.82,0.884,0.971,6,0,1,1,APPROVE
AUTO,324953.7,0.439,0.489,62,0,0,3,REJECT
PROPERTY,26614.28,0.794,0.837,19,0,0,1,APPROVE
AUTO,33390.24,0.979,0.952,8,1,0,1,APPROVE
LIFE_DEATH,162111.38,0.75,0.939,5,1,1,1,APPROVE
AUTO,37321.8,0.897,0.906,1,1,0,0,APPROVE
PROPERTY,26207.74,0.764,0.902,12,0,0,0,APPROVE
PROPERTY,958511.96,0.23,0.205,164,0,0,5,REJECT
AUTO,48688.47,0.97,0.955,1,1,0,0,APPROVE
PROPERTY,586423.64,0.382,0.15,71,0,0,5,REJECT
AUTO,13109.02,0.89,0.836,4,0,0,0,APPROVE
AUTO,48799.38,0.828,0.937,30,1,0,0,APPROVE
AUTO,31644.53,0.971,0.8,22,1,0,0,APPROVE
AUTO,34967.42,0.773,0.915,32,1,0,1,APPROVE
PROPERTY,897492.11,0.49,0.203,35,0,0,3,REJECT
AUTO,22035.61,0.861,0.918,5,0,0,1,APPROVE
AUTO,15425.83,0.936,0.906,10,0,0,1,APPROVE
PROPERTY,524305.22,0.304,0.437,40,0,0,3,REJECT
PROPERTY,97012.7,0.812,0.862,2,1,0,0,APPROVE
AUTO,21033.78,0.75,0.841,1,0,0,0,APPROVE
AUTO,19423.11,0.922,0.8,20,0,0,0,APPROVE
AUTO,18380.66,0.928,0.813,6,1,0,2,APPROVE
LIFE_DEATH,171174.07,0.9,0.978,16,0,1,0,APPROVE
LIFE_DEATH,367175.71,0.794,0.665,10,0,1,1,ESCALATE
PROPERTY,910623.15,0.2,0.191,106,0,0,3,REJECT
PROPERTY,42897.21,0.75,0.854,5,1,0,1,APPROVE
AUTO,342567.01,0.476,0.302,48,0,0,3,REJECT
AUTO,174486.92,0.411,0.567,197,0,0,6,REJECT
AUTO,348331.04,0.322,0.234,66,0,0,3,REJECT
PROPERTY,387684.1,0.797,0.665,58,0,0,1,ESCALATE
PROPERTY,407587.91,0.701,0.732,50,1,0,2,ESCALATE
PROPERTY,52715.65,0.877,0.937,1,1,0,0,APPROVE
PROPERTY,621565.96,0.298,0.24,36,0,0,4,REJECT
PROPERTY,514067.62,0.65,0.719,21,0,0,2,ESCALATE
AUTO,38374.21,0.852,0.862,11,1,0,0,APPROVE
PROPERTY,123184.08,0.67,0.66,17,0,0,2,ESCALATE
LIFE_DEATH,464148.46,0.764,0.644,17,0,1,1,ESCALATE
PROPERTY,670540.26,0.2,0.15,144,0,0,2,REJECT
LIFE_DEATH,353224.35,0.651,0.698,67,0,1,3,ESCALATE
AUTO,31115.87,0.846,0.8,7,1,0,0,APPROVE
AUTO,96523.47,0.641,0.641,26,1,0,3,ESCALATE
AUTO,40320.0,0.813,0.906,8,1,0,0,APPROVE
AUTO,213811.5,0.331,0.278,38,0,0,6,REJECT
AUTO,44557.44,0.74,0.635,35,0,0,2,ESCALATE
PROPERTY,32245.33,0.873,0.8,9,0,0,1,APPROVE
AUTO,16126.81,0.987,0.919,14,1,0,2,APPROVE
LIFE_DEATH,642674.66,0.2,0.182,158,0,1,4,REJECT
PROPERTY,1170948.26,0.394,0.455,74,0,0,3,REJECT
PROPERTY,28256.55,0.882,0.854,1,1,0,0,APPROVE
PROPERTY,215830.42,0.433,0.635,119,0,0,4,REJECT
AUTO,42240.87,0.75,0.992,24,1,0,1,APPROVE
LIFE_DEATH,432091.11,0.71,0.783,12,1,1,2,ESCALATE
PROPERTY,71324.99,0.948,0.925,11,1,0,2,APPROVE
LIFE_DEATH,305457.31,0.763,0.656,26,1,1,2,ESCALATE
LIFE_DEATH,651377.66,0.482,0.524,66,0,0,4,REJECT
AUTO,13998.3,0.75,0.998,1,0,0,0,APPROVE
AUTO,34557.35,0.99,0.888,22,1,0,0,APPROVE
LIFE_DEATH,272279.84,0.75,0.802,4,0,1,1,APPROVE
LIFE_DEATH,214037.43,0.767,0.959,6,0,1,1,APPROVE
AUTO,19566.53,0.905,0.972,8,1,0,0,APPROVE
AUTO,21020.83,0.947,0.8,17,1,0,0,APPROVE
AUTO,83483.69,0.408,0.254,35,0,0,4,REJECT
PROPERTY,32904.06,0.851,0.845,24,0,0,0,APPROVE
AUTO,19708.66,0.874,0.954,9,0,0,0,APPROVE
AUTO,369205.66,0.336,0.208,37,0,0,5,REJECT
PROPERTY,44579.1,0.75,0.831,6,1,0,1,APPROVE
PROPERTY,320074.82,0.711,0.681,11,1,0,1,ESCALATE
LIFE_DEATH,239138.17,0.962,0.948,15,0,1,0,APPROVE
PROPERTY,51522.12,0.99,0.917,5,1,0,0,APPROVE
AUTO,5827.02,0.859,0.8,1,1,0,0,APPROVE
AUTO,285433.38,0.2,0.595,78,0,0,4,REJECT
LIFE_DEATH,166547.56,0.793,0.98,3,0,1,2,APPROVE
LIFE_DEATH,1261686.54,0.304,0.243,80,0,1,3,REJECT
AUTO,11932.09,0.967,0.828,19,0,0,0,APPROVE
AUTO,20247.91,0.826,0.889,4,0,0,1,APPROVE
PROPERTY,937452.86,0.648,0.199,93,0,0,6,REJECT
AUTO,136486.94,0.2,0.429,44,0,0,3,REJECT
PROPERTY,265224.32,0.216,0.416,109,0,0,2,REJECT
AUTO,29486.82,0.828,0.907,37,0,0,0,APPROVE
AUTO,45347.98,0.888,0.931,3,1,0,0,APPROVE
AUTO,241955.99,0.358,0.336,74,0,0,3,REJECT
LIFE_DEATH,121105.08,0.92,0.992,9,1,1,1,APPROVE
PROPERTY,46235.21,0.882,0.949,7,0,0,0,APPROVE
AUTO,38985.28,0.881,0.993,2,1,0,1,APPROVE
LIFE_DEATH,56165.92,0.867,0.92,12,0,1,0,APPROVE
AUTO,20141.2,0.907,0.961,8,0,0,0,APPROVE
PROPERTY,44667.56,0.75,0.952,10,0,0,0,APPROVE
AUTO,38882.11,0.911,0.91,8,1,0,2,APPROVE
AUTO,14286.85,0.915,0.899,1,0,0,0,APPROVE
PROPERTY,35618.32,0.934,0.91,2,0,0,0,APPROVE
PROPERTY,347418.01,0.2,0.519,113,0,0,5,REJECT
PROPERTY,48177.26,0.826,0.913,27,0,0,0,APPROVE
AUTO,12640.28,0.761,0.995,3,0,0,0,APPROVE
AUTO,385947.88,0.2,0.606,109,0,0,2,REJECT
PROPERTY,355495.31,0.325,0.206,84,0,0,6,REJECT
PROPERTY,111573.17,0.817,0.652,41,1,0,2,ESCALATE
PROPERTY,1095101.65,0.211,0.183,48,0,0,2,REJECT
AUTO,45693.1,0.927,0.8,3,1,0,0,APPROVE
LIFE_DEATH,81765.13,0.907,0.818,37,1,1,0,APPROVE
LIFE_DEATH,251395.21,0.75,0.841,20,1,1,0,APPROVE
LIFE_DEATH,200900.48,0.823,0.845,13,1,1,0,APPROVE
AUTO,260257.29,0.68,0.15,181,0,0,4,REJECT
LIFE_DEATH,135857.65,0.753,0.832,7,0,1,0,APPROVE
PROPERTY,78015.09,0.935,0.823,19,1,0,1,APPROVE
AUTO,25766.28,0.75,0.827,1,0,0,0,APPROVE
PROPERTY,248078.07,0.527,0.214,48,0,0,5,REJECT
AUTO,55795.0,0.79,0.58,21,1,0,2,ESCALATE
AUTO,48412.04,0.771,0.721,23,0,0,2,ESCALATE
AUTO,37742.13,0.771,0.95,20,1,0,1,APPROVE
PROPERTY,26120.29,0.894,0.953,1,0,0,0,APPROVE
AUTO,3420.53,0.914,0.95,7,0,0,2,APPROVE
AUTO,130750.09,0.2,0.242,105,0,0,4,REJECT
AUTO,22155.02,0.907,0.828,4,1,0,0,APPROVE
AUTO,12534.07,0.94,0.951,3,1,0,0,APPROVE
AUTO,10569.79,0.927,0.921,11,1,0,2,APPROVE
AUTO,9573.3,0.87,0.8,1,0,0,0,APPROVE
AUTO,104686.17,0.652,0.617,13,0,0,3,ESCALATE
AUTO,15434.91,0.884,0.883,12,1,0,0,APPROVE
AUTO,32079.98,0.975,0.82,30,1,0,1,APPROVE
PROPERTY,563977.09,0.721,0.694,83,1,0,3,ESCALATE
LIFE_DEATH,214996.01,0.75,0.839,12,0,1,1,APPROVE
AUTO,416494.36,0.615,0.15,36,0,0,3,REJECT
PROPERTY,59956.33,0.918,0.8,25,1,0,2,APPROVE
PROPERTY,237825.25,0.68,0.611,32,0,0,5,REJECT
PROPERTY,1142820.74,0.385,0.378,125,0,0,3,REJECT
PROPERTY,110131.08,0.78,0.969,2,1,0,0,APPROVE
PROPERTY,638796.01,0.262,0.546,70,0,0,3,REJECT
AUTO,189927.56,0.2,0.328,71,0,0,6,REJECT
AUTO,39106.36,0.966,0.975,1,1,0,0,APPROVE
AUTO,21958.89,0.935,0.8,7,0,0,1,APPROVE
AUTO,7983.64,0.75,0.863,2,1,0,1,APPROVE
AUTO,20400.06,0.84,0.8,1,1,0,0,APPROVE
LIFE_DEATH,184854.55,0.89,0.989,17,0,1,1,APPROVE
PROPERTY,50760.63,0.873,0.987,4,1,0,1,APPROVE
AUTO,17548.92,0.75,0.822,7,1,0,0,APPROVE
PROPERTY,266561.18,0.759,0.66,20,0,0,2,ESCALATE
PROPERTY,722098.02,0.463,0.213,147,0,0,6,REJECT
LIFE_DEATH,480779.5,0.709,0.732,26,1,1,1,ESCALATE
PROPERTY,55259.01,0.844,0.973,4,1,0,0,APPROVE
PROPERTY,1181740.49,0.21,0.21,72,0,0,2,REJECT
AUTO,11958.29,0.92,0.94,1,1,0,0,APPROVE
AUTO,23811.65,0.757,0.974,21,0,0,1,APPROVE
PROPERTY,78622.89,0.931,0.855,37,1,0,0,APPROVE
PROPERTY,48312.85,0.901,0.953,12,0,0,0,APPROVE
PROPERTY,209336.49,0.304,0.328,33,0,0,5,REJECT
LIFE_DEATH,252199.86,0.75,0.904,10,1,1,0,APPROVE
AUTO,273349.48,0.327,0.264,150,0,0,4,REJECT
LIFE_DEATH,593093.66,0.737,0.639,55,0,1,3,ESCALATE
LIFE_DEATH,123101.12,0.911,0.959,1,0,1,0,APPROVE
PROPERTY,26602.54,0.917,0.8,34,1,0,0,APPROVE
LIFE_DEATH,76189.56,0.75,0.868,2,0,1,0,APPROVE
AUTO,17521.77,0.909,0.8,1,0,0,0,APPROVE
AUTO,21863.23,0.926,0.905,5,1,0,0,APPROVE
PROPERTY,116055.9,0.6,0.738,29,1,0,3,ESCALATE
AUTO,88485.54,0.674,0.584,18,0,0,1,ESCALATE
AUTO,41982.67,0.716,0.811,21,1,0,2,ESCALATE
LIFE_DEATH,194335.43,0.811,0.888,11,1,1,0,APPROVE
LIFE_DEATH,555008.39,0.761,0.616,19,1,1,2,ESCALATE
PROPERTY,40429.78,0.932,0.842,1,1,0,0,APPROVE
PROPERTY,124705.05,0.881,0.8,6,1,0,2,APPROVE
AUTO,360352.98,0.258,0.382,94,0,0,4,REJECT
AUTO,37746.9,0.906,0.971,5,1,0,2,APPROVE
PROPERTY,219312.97,0.663,0.622,50,1,0,1,ESCALATE
PROPERTY,69250.44,0.75,0.94,2,1,0,0,APPROVE
PROPERTY,189679.84,0.772,0.661,19,0,0,1,ESCALATE
AUTO,130358.88,0.307,0.186,48,0,0,3,REJECT
LIFE_DEATH,167256.23,0.979,0.938,4,1,1,0,APPROVE
LIFE_DEATH,89820.76,0.933,0.8,3,0,1,2,APPROVE
PROPERTY,33916.54,0.788,0.877,5,0,0,2,APPROVE
AUTO,34958.75,0.812,0.833,9,1,0,0,APPROVE
LIFE_DEATH,219359.52,0.949,0.8,4,0,1,1,APPROVE
PROPERTY,44787.34,0.893,0.994,5,1,0,2,APPROVE
PROPERTY,57785.72,0.795,0.937,4,1,0,0,APPROVE
AUTO,389919.45,0.2,0.245,68,0,0,3,REJECT
AUTO,72223.63,0.638,0.746,13,1,0,3,ESCALATE
AUTO,21198.17,0.781,0.903,1,0,0,0,APPROVE
AUTO,289191.52,0.2,0.15,133,0,0,4,REJECT
AUTO,309999.68,0.2,0.15,31,0,0,6,REJECT
PROPERTY,557451.48,0.434,0.311,52,0,0,2,REJECT
AUTO,10372.36,0.765,0.993,6,1,0,0,APPROVE
AUTO,256925.24,0.203,0.499,88,0,0,4,REJECT
PROPERTY,447773.79,0.659,0.602,10,1,0,1,ESCALATE
LIFE_DEATH,969329.66,0.2,0.15,34,0,0,5,REJECT
AUTO,10060.85,0.802,0.8,1,0,0,0,APPROVE
AUTO,41703.6,0.75,0.963,33,1,0,0,APPROVE
AUTO,393558.99,0.68,0.159,123,0,0,6,REJECT
LIFE_DEATH,218498.55,0.81,0.85,1,1,1,0,APPROVE
LIFE_DEATH,1188698.74,0.343,0.15,38,0,0,2,REJECT
PROPERTY,474283.93,0.432,0.33,333,0,0,2,REJECT
PROPERTY,13767.53,0.9,0.808,1,1,0,0,APPROVE
AUTO,22608.38,0.939,0.8,36,1,0,0,APPROVE
AUTO,329381.04,0.307,0.23,92,0,0,3,REJECT
AUTO,20358.35,0.785,0.834,1,0,0,0,APPROVE
PROPERTY,136964.18,0.635,0.603,10,1,0,1,ESCALATE
AUTO,194616.69,0.542,0.15,51,0,0,2,REJECT
LIFE_DEATH,572205.74,0.2,0.151,37,0,0,6,REJECT
LIFE_DEATH,500016.5,0.637,0.738,41,0,1,2,ESCALATE
AUTO,9227.27,0.958,0.85,7,0,0,1,APPROVE
LIFE_DEATH,287245.17,0.947,0.8,1,0,1,0,APPROVE
AUTO,394974.41,0.2,0.58,118,0,0,5,REJECT
PROPERTY,206143.3,0.752,0.607,27,1,0,2,ESCALATE
AUTO,31810.88,0.814,0.887,14,1,0,1,APPROVE
AUTO,14661.58,0.952,0.945,8,1,0,0,APPROVE
LIFE_DEATH,191293.31,0.837,0.8,2,0,1,1,APPROVE
LIFE_DEATH,133168.25,0.876,0.962,1,0,1,1,APPROVE
PROPERTY,283946.97,0.2,0.501,107,0,0,6,REJECT
PROPERTY,39663.95,0.75,0.81,5,0,0,2,APPROVE
LIFE_DEATH,115924.56,0.75,0.965,12,1,1,0,APPROVE
LIFE_DEATH,252481.11,0.872,0.877,4,0,1,1,APPROVE
LIFE_DEATH,1290846.7,0.296,0.15,201,0,0,3,REJECT
AUTO,46959.92,0.945,0.8,7,1,0,0,APPROVE
AUTO,13351.7,0.881,0.8,22,0,0,1,APPROVE
AUTO,30072.02,0.984,0.8,8,1,0,1,APPROVE
PROPERTY,129002.9,0.891,0.966,9,1,0,2,APPROVE
PROPERTY,499245.89,0.668,0.719,10,0,0,1,ESCALATE
AUTO,22546.1,0.878,0.812,3,1,0,1,APPROVE
LIFE_DEATH,222954.65,0.938,0.951,1,1,1,2,APPROVE
LIFE_DEATH,112252.18,0.759,0.979,4,0,1,1,APPROVE
AUTO,13281.65,0.75,0.8,3,1,0,2,APPROVE
AUTO,64834.95,0.736,0.684,14,1,0,1,ESCALATE
PROPERTY,37310.15,0.75,0.947,2,0,0,0,APPROVE
PROPERTY,37337.48,0.75,0.949,9,0,0,1,APPROVE
LIFE_DEATH,105373.39,0.978,0.8,17,1,1,0,APPROVE
PROPERTY,358611.81,0.72,0.745,18,0,0,2,ESCALATE
AUTO,98131.89,0.314,0.523,214,0,0,5,REJECT
AUTO,33268.18,0.99,0.852,9,1,0,0,APPROVE
AUTO,13640.77,0.978,0.927,3,0,0,1,APPROVE
LIFE_DEATH,109386.03,0.75,0.849,6,0,1,0,APPROVE
LIFE_DEATH,254198.34,0.953,0.8,18,0,1,0,APPROVE
PROPERTY,84336.9,0.761,0.972,12,1,0,1,APPROVE
PROPERTY,56719.07,0.788,0.983,8,1,0,0,APPROVE
AUTO,131373.27,0.69,0.608,12,0,0,2,ESCALATE
PROPERTY,197729.0,0.722,0.687,39,0,0,2,ESCALATE
AUTO,42677.93,0.963,0.99,2,1,0,0,APPROVE
PROPERTY,38980.91,0.891,0.917,1,0,0,0,APPROVE
AUTO,17724.15,0.75,0.934,11,0,0,0,APPROVE
AUTO,225967.92,0.212,0.15,53,0,0,4,REJECT
AUTO,13112.02,0.878,0.987,42,0,0,2,APPROVE
AUTO,205134.4,0.476,0.231,168,0,0,4,REJECT
LIFE_DEATH,335157.23,0.685,0.697,27,1,1,1,ESCALATE
PROPERTY,90758.27,0.882,0.8,8,1,0,0,APPROVE
PROPERTY,53994.48,0.866,0.871,1,1,0,1,APPROVE
LIFE_DEATH,151885.76,0.919,0.889,1,0,1,0,APPROVE
AUTO,217672.96,0.2,0.412,57,0,0,3,REJECT
PROPERTY,80626.38,0.786,0.937,13,1,0,0,APPROVE
AUTO,30948.26,0.89,0.83,19,1,0,0,APPROVE
PROPERTY,78557.36,0.903,0.895,3,1,0,0,APPROVE
LIFE_DEATH,555864.41,0.251,0.359,50,0,1,5,REJECT
AUTO,145784.56,0.701,0.752,57,0,0,1,ESCALATE
AUTO,19259.38,0.892,0.939,16,0,0,0,APPROVE
AUTO,19245.05,0.973,0.833,28,0,0,1,APPROVE
PROPERTY,771264.44,0.2,0.341,67,0,0,6,REJECT
AUTO,45991.45,0.75,0.8,11,1,0,0,APPROVE
AUTO,14153.3,0.915,0.8,1,0,0,0,APPROVE
LIFE_DEATH,250549.25,0.852,0.944,19,0,1,0,APPROVE
AUTO,149090.88,0.425,0.181,59,0,0,4,REJECT
PROPERTY,66182.91,0.75,0.931,6,1,0,0,APPROVE
AUTO,53902.0,0.921,0.896,5,1,0,0,APPROVE
PROPERTY,37387.7,0.962,0.8,4,0,0,0,APPROVE
PROPERTY,41922.01,0.75,0.892,7,0,0,0,APPROVE
PROPERTY,58954.32,0.75,0.8,12,1,0,0,APPROVE
PROPERTY,14474.85,0.768,0.8,11,1,0,0,APPROVE
AUTO,28204.12,0.812,0.886,43,1,0,0,APPROVE
AUTO,182744.75,0.2,0.18,47,0,0,5,REJECT
PROPERTY,22889.48,0.898,0.8,3,1,0,1,APPROVE
LIFE_DEATH,1235134.76,0.508,0.27,72,0,1,4,REJECT
AUTO,199480.96,0.321,0.195,57,0,0,3,REJECT
LIFE_DEATH,1228723.97,0.292,0.15,295,0,1,4,REJECT
AUTO,57462.72,0.75,0.952,1,1,0,1,APPROVE
PROPERTY,31727.56,0.983,0.802,5,0,0,1,APPROVE
AUTO,103204.42,0.2,0.236,38,0,0,2,REJECT
LIFE_DEATH,464759.39,0.544,0.166,107,0,0,3,REJECT
AUTO,391755.66,0.2,0.165,175,0,0,6,REJECT
AUTO,14793.87,0.922,0.8,6,0,0,0,APPROVE
PROPERTY,34070.56,0.859,0.968,4,1,0,2,APPROVE
AUTO,393708.39,0.2,0.564,87,0,0,4,REJECT
PROPERTY,736653.99,0.489,0.201,31,0,0,5,REJECT
LIFE_DEATH,659942.66,0.656,0.685,30,0,1,3,ESCALATE
AUTO,412462.26,0.275,0.15,173,0,0,3,REJECT
PROPERTY,34960.79,0.913,0.986,7,0,0,1,APPROVE
PROPERTY,55120.76,0.912,0.829,6,1,0,0,APPROVE
AUTO,20164.79,0.96,0.821,14,1,0,0,APPROVE
LIFE_DEATH,1075187.04,0.221,0.318,90,0,0,4,REJECT
AUTO,33123.27,0.871,0.8,4,1,0,2,APPROVE
AUTO,230780.08,0.257,0.242,62,0,0,5,REJECT
PROPERTY,45918.05,0.878,0.859,2,0,0,0,APPROVE
PROPERTY,68806.69,0.99,0.826,2,1,0,0,APPROVE
PROPERTY,715191.1,0.2,0.153,51,0,0,3,REJECT
LIFE_DEATH,145767.34,0.752,0.947,6,1,1,0,APPROVE
PROPERTY,174346.15,0.694,0.794,55,1,0,2,ESCALATE
PROPERTY,459991.48,0.42,0.478,42,0,0,2,REJECT
AUTO,11971.33,0.76,0.976,6,1,0,1,APPROVE
LIFE_DEATH,907213.5,0.338,0.287,231,0,1,3,REJECT
AUTO,10657.38,0.923,0.8,9,1,0,0,APPROVE
AUTO,51462.43,0.664,0.636,13,1,0,2,ESCALATE
AUTO,11314.1,0.897,0.923,3,1,0,0,APPROVE
PROPERTY,371458.17,0.673,0.657,66,1,0,1,ESCALATE
AUTO,30186.33,0.75,0.919,8,1,0,0,APPROVE
PROPERTY,185289.7,0.546,0.576,131,0,0,3,REJECT
LIFE_DEATH,766342.27,0.481,0.15,159,0,0,4,REJECT
AUTO,18446.25,0.874,0.901,10,1,0,0,APPROVE
AUTO,30272.18,0.917,0.956,10,1,0,0,APPROVE
PROPERTY,287360.86,0.796,0.742,14,1,0,1,ESCALATE
LIFE_DEATH,288716.32,0.75,0.819,1,1,1,0,APPROVE
AUTO,36995.65,0.99,0.917,1,1,0,0,APPROVE
PROPERTY,327824.56,0.651,0.648,23,0,0,2,ESCALATE
LIFE_DEATH,289518.37,0.928,0.992,11,0,1,0,APPROVE
AUTO,66097.71,0.976,0.915,4,1,0,0,APPROVE
AUTO,25385.84,0.916,0.972,2,0,0,0,APPROVE
AUTO,239836.45,0.566,0.495,90,0,0,6,REJECT
AUTO,31634.21,0.75,0.936,3,1,0,0,APPROVE
LIFE_DEATH,70261.55,0.871,0.953,11,0,1,0,APPROVE
AUTO,16858.45,0.75,0.935,9,1,0,0,APPROVE
PROPERTY,290338.24,0.665,0.654,14,1,0,2,ESCALATE
PROPERTY,561988.84,0.783,0.687,46,0,0,1,ESCALATE
AUTO,275920.3,0.474,0.15,95,0,0,2,REJECT
LIFE_DEATH,1332201.62,0.356,0.194,79,0,0,5,REJECT
PROPERTY,18814.81,0.825,0.815,28,0,0,0,APPROVE
PROPERTY,205200.85,0.644,0.679,66,0,0,2,ESCALATE
LIFE_DEATH,646242.17,0.76,0.773,71,0,1,1,ESCALATE
PROPERTY,39048.28,0.867,0.81,3,1,0,0,APPROVE
AUTO,350333.88,0.497,0.15,35,0,0,4,REJECT
PROPERTY,183558.9,0.786,0.595,35,0,0,3,ESCALATE
PROPERTY,347689.91,0.73,0.787,29,0,0,3,ESCALATE
AUTO,125453.01,0.68,0.226,81,0,0,5,REJECT
PROPERTY,29751.84,0.759,0.858,31,1,0,0,APPROVE
AUTO,20803.79,0.75,0.803,16,0,0,0,APPROVE
AUTO,365866.97,0.566,0.15,32,0,0,6,REJECT
AUTO,438120.25,0.231,0.15,56,0,0,3,REJECT
PROPERTY,22698.88,0.842,0.868,8,1,0,1,APPROVE
AUTO,18249.04,0.916,0.8,2,1,0,0,APPROVE
PROPERTY,899203.38,0.369,0.259,30,0,0,4,REJECT
AUTO,18038.33,0.888,0.962,7,0,0,0,APPROVE
AUTO,447136.73,0.535,0.15,45,0,0,2,REJECT
LIFE_DEATH,1256198.49,0.2,0.15,92,0,0,5,REJECT
AUTO,13185.8,0.75,0.989,6,0,0,1,APPROVE
PROPERTY,26853.21,0.871,0.946,1,1,0,0,APPROVE
LIFE_DEATH,520346.58,0.752,0.646,14,0,1,2,ESCALATE
PROPERTY,22250.7,0.806,0.941,2,1,0,0,APPROVE
AUTO,25663.2,0.75,0.837,3,1,0,1,APPROVE
PROPERTY,71953.23,0.928,0.925,2,1,0,0,APPROVE
LIFE_DEATH,103865.73,0.75,0.991,1,1,1,0,APPROVE
AUTO,49386.7,0.898,0.967,11,1,0,1,APPROVE
AUTO,45054.93,0.882,0.8,22,1,0,0,APPROVE
AUTO,31479.19,0.75,0.8,3,1,0,1,APPROVE
AUTO,18054.61,0.942,0.821,19,1,0,0,APPROVE
AUTO,19524.42,0.836,0.969,1,1,0,0,APPROVE
AUTO,44489.58,0.75,0.905,6,1,0,0,APPROVE
LIFE_DEATH,673805.09,0.334,0.225,51,0,1,5,REJECT
PROPERTY,93367.35,0.75,0.8,2,1,0,1,APPROVE
AUTO,48939.93,0.917,0.988,23,1,0,0,APPROVE
AUTO,16103.26,0.751,0.937,1,0,0,1,APPROVE
LIFE_DEATH,102095.92,0.916,0.899,7,0,1,1,APPROVE
PROPERTY,29697.99,0.959,0.843,20,1,0,0,APPROVE
LIFE_DEATH,232717.59,0.99,0.831,5,0,1,0,APPROVE
LIFE_DEATH,1356478.69,0.2,0.315,67,0,0,4,REJECT
LIFE_DEATH,228337.4,0.75,0.995,4,1,1,0,APPROVE
PROPERTY,457933.3,0.684,0.747,11,0,0,1,ESCALATE
AUTO,19625.01,0.769,0.835,7,1,0,0,APPROVE
AUTO,26394.02,0.832,0.911,6,1,0,0,APPROVE
LIFE_DEATH,274569.93,0.99,0.951,6,0,1,1,APPROVE
AUTO,26775.44,0.966,0.906,3,1,0,0,APPROVE
AUTO,29458.65,0.882,0.956,10,1,0,0,APPROVE
AUTO,29033.92,0.909,0.96,39,1,0,1,APPROVE
AUTO,106655.69,0.713,0.798,44,1,0,2,ESCALATE
AUTO,102783.8,0.274,0.22,45,0,0,2,REJECT
PROPERTY,29518.64,0.887,0.8,6,0,0,0,APPROVE
AUTO,28193.68,0.948,0.972,23,1,0,0,APPROVE
LIFE_DEATH,664172.55,0.728,0.589,85,0,1,2,ESCALATE
PROPERTY,936015.01,0.298,0.273,59,0,0,4,REJECT
PROPERTY,261572.47,0.742,0.709,16,1,0,2,ESCALATE
AUTO,13778.31,0.75,0.964,2,1,0,2,APPROVE
LIFE_DEATH,102569.04,0.836,0.858,1,1,1,0,APPROVE
AUTO,53013.38,0.84,0.969,20,1,0,2,APPROVE
PROPERTY,91914.45,0.888,0.8,10,1,0,1,APPROVE
AUTO,217520.22,0.2,0.172,33,0,0,5,REJECT
PROPERTY,424449.2,0.697,0.791,72,1,0,2,ESCALATE
LIFE_DEATH,169241.97,0.75,0.8,7,0,1,0,APPROVE
PROPERTY,50823.18,0.791,0.965,24,1,0,2,APPROVE
LIFE_DEATH,652387.05,0.701,0.706,45,1,1,2,ESCALATE
LIFE_DEATH,273775.01,0.956,0.843,2,0,1,0,APPROVE
AUTO,21962.29,0.976,0.901,1,1,0,1,APPROVE
LIFE_DEATH,851818.91,0.386,0.15,225,0,0,3,REJECT
PROPERTY,69995.28,0.809,0.917,9,1,0,0,APPROVE
LIFE_DEATH,252985.56,0.764,0.951,1,0,1,0,APPROVE
AUTO,168596.99,0.2,0.481,53,0,0,3,REJECT
AUTO,20291.57,0.75,0.904,5,1,0,1,APPROVE
AUTO,168070.58,0.2,0.601,82,0,0,4,REJECT
AUTO,11083.8,0.916,0.93,6,1,0,2,APPROVE
AUTO,26375.38,0.781,0.883,6,0,0,1,APPROVE
PROPERTY,244888.24,0.39,0.353,44,0,0,4,REJECT
AUTO,103522.02,0.731,0.677,28,1,0,1,ESCALATE
AUTO,34083.96,0.75,0.864,9,1,0,0,APPROVE
LIFE_DEATH,1008124.01,0.415,0.432,83,0,0,5,REJECT
PROPERTY,1047417.37,0.68,0.15,143,0,0,3,REJECT
AUTO,62176.21,0.881,0.8,19,1,0,0,APPROVE
PROPERTY,672232.12,0.212,0.372,37,0,0,3,REJECT
AUTO,306623.43,0.329,0.278,148,0,0,2,REJECT
AUTO,19463.29,0.855,0.8,9,0,0,0,APPROVE
AUTO,72219.81,0.312,0.185,71,0,0,6,REJECT
PROPERTY,79463.46,0.75,0.938,3,1,0,1,APPROVE
AUTO,27747.66,0.854,0.8,27,0,0,0,APPROVE
LIFE_DEATH,616059.19,0.6,0.764,18,1,1,2,ESCALATE
PROPERTY,41311.01,0.772,0.841,21,0,0,1,APPROVE
AUTO,32810.95,0.922,0.894,11,1,0,1,APPROVE
AUTO,7269.54,0.899,0.8,1,1,0,2,APPROVE
AUTO,13561.19,0.75,0.94,1,0,0,1,APPROVE
AUTO,19984.1,0.75,0.926,3,0,0,1,APPROVE
LIFE_DEATH,139399.88,0.75,0.868,5,1,1,0,APPROVE
LIFE_DEATH,110602.43,0.982,0.8,4,1,1,0,APPROVE
PROPERTY,25275.21,0.828,0.967,1,0,0,2,APPROVE
LIFE_DEATH,71377.13,0.97,0.8,8,0,1,0,APPROVE
PROPERTY,121447.95,0.658,0.703,32,0,0,2,ESCALATE
LIFE_DEATH,1351122.27,0.312,0.15,43,0,0,3,REJECT
PROPERTY,208035.87,0.747,0.58,76,0,0,1,ESCALATE
PROPERTY,1096551.46,0.59,0.613,81,0,0,4,REJECT
PROPERTY,40889.08,0.757,0.8,37,1,0,0,APPROVE
AUTO,58309.59,0.846,0.974,14,1,0,0,APPROVE
LIFE_DEATH,241093.17,0.953,0.922,10,0,1,0,APPROVE
AUTO,20690.83,0.869,0.986,2,0,0,0,APPROVE
PROPERTY,37572.99,0.882,0.98,7,0,0,1,APPROVE
PROPERTY,47997.37,0.961,0.878,18,0,0,0,APPROVE
AUTO,23453.48,0.98,0.878,3,1,0,0,APPROVE
AUTO,309066.44,0.31,0.519,91,0,0,5,REJECT
AUTO,110195.33,0.654,0.731,52,1,0,1,ESCALATE
AUTO,16433.3,0.863,0.983,1,1,0,0,APPROVE
PROPERTY,35349.19,0.953,0.949,22,0,0,0,APPROVE
AUTO,26788.19,0.861,0.8,2,0,0,1,APPROVE
AUTO,400127.82,0.452,0.15,63,0,0,4,REJECT
LIFE_DEATH,175817.61,0.865,0.891,7,1,1,0,APPROVE
AUTO,83686.16,0.651,0.716,38,1,0,2,ESCALATE
PROPERTY,55953.9,0.888,0.852,23,1,0,0,APPROVE
LIFE_DEATH,259029.43,0.902,0.99,21,0,1,0,APPROVE
AUTO,29491.38,0.887,0.877,5,1,0,0,APPROVE
PROPERTY,32106.79,0.947,0.8,41,1,0,0,APPROVE
LIFE_DEATH,616046.56,0.464,0.438,42,0,0,4,REJECT
AUTO,16201.56,0.872,0.899,5,1,0,0,APPROVE
LIFE_DEATH,204505.57,0.75,0.8,7,0,1,0,APPROVE
AUTO,201463.85,0.575,0.15,68,0,0,4,REJECT
LIFE_DEATH,83178.94,0.873,0.868,1,0,1,0,APPROVE
PROPERTY,263397.09,0.732,0.644,106,0,0,2,ESCALATE
LIFE_DEATH,275694.01,0.75,0.8,4,0,1,0,APPROVE
PROPERTY,71244.61,0.894,0.962,33,1,0,1,APPROVE
AUTO,224666.17,0.221,0.38,31,0,0,3,REJECT
PROPERTY,496865.41,0.387,0.196,32,0,0,4,REJECT
LIFE_DEATH,1423540.78,0.343,0.493,84,0,0,6,REJECT
LIFE_DEATH,278090.84,0.972,0.964,2,1,1,2,APPROVE
PROPERTY,75202.23,0.864,0.997,27,1,0,2,APPROVE
PROPERTY,73752.55,0.942,0.8,2,1,0,1,APPROVE
AUTO,16124.47,0.92,0.8,5,0,0,1,APPROVE
PROPERTY,411432.43,0.404,0.483,51,0,0,4,REJECT
PROPERTY,386992.21,0.797,0.762,27,1,0,2,ESCALATE
LIFE_DEATH,102989.77,0.778,0.875,10,1,1,2,APPROVE
LIFE_DEATH,280785.97,0.75,0.923,14,1,1,0,APPROVE
AUTO,39262.88,0.804,0.911,15,1,0,0,APPROVE
LIFE_DEATH,653638.26,0.64,0.679,14,1,1,2,ESCALATE
AUTO,72029.59,0.617,0.786,21,0,0,1,ESCALATE
PROPERTY,144223.07,0.732,0.58,29,0,0,2,ESCALATE
AUTO,8722.3,0.75,0.8,7,0,0,0,APPROVE
AUTO,217099.58,0.299,0.151,71,0,0,6,REJECT
LIFE_DEATH,156500.2,0.75,0.926,8,1,1,0,APPROVE
AUTO,14571.06,0.956,0.815,22,0,0,0,APPROVE
AUTO,53107.75,0.75,0.913,2,1,0,0,APPROVE
AUTO,145232.83,0.787,0.653,26,1,0,3,ESCALATE
LIFE_DEATH,263136.86,0.87,0.903,1,1,1,0,APPROVE
PROPERTY,31790.8,0.862,0.871,3,0,0,0,APPROVE
LIFE_DEATH,688811.58,0.702,0.58,85,1,1,1,ESCALATE
LIFE_DEATH,103011.21,0.762,0.816,17,0,1,0,APPROVE
AUTO,25828.45,0.974,0.94,33,0,0,0,APPROVE
AUTO,63470.8,0.794,0.96,1,1,0,0,APPROVE
AUTO,20289.96,0.94,0.999,10,0,0,0,APPROVE
PROPERTY,568063.01,0.746,0.614,25,1,0,2,ESCALATE
PROPERTY,293622.51,0.2,0.384,164,0,0,2,REJECT
AUTO,73037.91,0.733,0.637,94,1,0,1,ESCALATE
PROPERTY,66861.35,0.84,0.8,6,1,0,0,APPROVE
AUTO,223783.23,0.307,0.223,71,0,0,2,REJECT
AUTO,41746.28,0.916,0.801,6,1,0,0,APPROVE
LIFE_DEATH,537891.29,0.741,0.82,16,1,1,3,ESCALATE
AUTO,65802.72,0.677,0.732,12,0,0,3,ESCALATE
PROPERTY,27547.79,0.75,0.97,1,1,0,1,APPROVE
LIFE_DEATH,160008.29,0.99,0.954,9,0,1,1,APPROVE
LIFE_DEATH,1298590.65,0.564,0.205,57,0,0,3,REJECT
AUTO,39652.32,0.917,0.954,35,1,0,1,APPROVE
AUTO,82605.65,0.382,0.479,68,0,0,6,REJECT
AUTO,58618.55,0.636,0.809,59,1,0,2,ESCALATE
PROPERTY,67030.52,0.887,0.8,35,1,0,1,APPROVE
PROPERTY,60816.64,0.75,0.844,12,1,0,1,APPROVE
AUTO,60728.06,0.762,0.924,1,1,0,0,APPROVE
AUTO,12672.8,0.758,0.8,21,0,0,0,APPROVE
AUTO,380625.4,0.448,0.635,30,0,0,5,REJECT
AUTO,20158.13,0.82,0.938,15,1,0,0,APPROVE
AUTO,24544.93,0.966,0.865,16,1,0,0,APPROVE
PROPERTY,838177.48,0.248,0.19,42,0,0,4,REJECT
PROPERTY,39134.2,0.835,0.98,11,0,0,0,APPROVE
AUTO,354895.2,0.213,0.322,49,0,0,6,REJECT
LIFE_DEATH,576158.23,0.648,0.627,20,1,1,1,ESCALATE
PROPERTY,51708.89,0.981,0.963,2,1,0,0,APPROVE
PROPERTY,86770.22,0.75,0.894,10,1,0,0,APPROVE
AUTO,28974.14,0.916,0.886,24,1,0,0,APPROVE
AUTO,88577.53,0.68,0.313,35,0,0,4,REJECT
LIFE_DEATH,1017681.98,0.363,0.543,76,0,0,2,REJECT
PROPERTY,214520.31,0.515,0.33,98,0,0,4,REJECT
PROPERTY,98458.32,0.946,0.8,3,1,0,0,APPROVE
AUTO,25289.91,0.758,0.916,6,1,0,0,APPROVE
PROPERTY,27516.2,0.75,0.894,9,0,0,0,APPROVE
AUTO,23130.35,0.918,0.921,3,0,0,0,APPROVE
AUTO,242890.0,0.312,0.209,69,0,0,6,REJECT
AUTO,101050.27,0.646,0.659,22,0,0,1,ESCALATE
LIFE_DEATH,214184.17,0.922,0.912,17,0,1,0,APPROVE
AUTO,366159.02,0.487,0.43,135,0,0,2,REJECT
PROPERTY,399955.63,0.754,0.676,45,0,0,2,ESCALATE
PROPERTY,76765.77,0.928,0.973,9,1,0,0,APPROVE
PROPERTY,505119.73,0.644,0.721,17,1,0,2,ESCALATE
AUTO,35920.5,0.75,0.899,7,1,0,0,APPROVE
AUTO,19202.47,0.86,0.815,11,1,0,0,APPROVE
PROPERTY,79073.63,0.75,0.972,6,1,0,0,APPROVE
AUTO,23747.55,0.75,0.879,4,1,0,0,APPROVE
AUTO,20999.63,0.903,0.952,1,0,0,0,APPROVE
LIFE_DEATH,725816.44,0.717,0.739,13,1,1,1,ESCALATE
PROPERTY,21560.4,0.935,0.8,4,1,0,0,APPROVE
AUTO,12521.48,0.848,0.967,1,1,0,0,APPROVE
PROPERTY,21464.4,0.893,0.8,25,0,0,0,APPROVE
PROPERTY,102979.59,0.946,0.965,8,1,0,0,APPROVE
LIFE_DEATH,196530.09,0.876,0.984,1,0,1,1,APPROVE
AUTO,30634.35,0.836,0.8,9,1,0,1,APPROVE
AUTO,384857.8,0.218,0.15,67,0,0,6,REJECT
PROPERTY,455123.87,0.352,0.243,45,0,0,2,REJECT
PROPERTY,50247.59,0.89,0.996,13,1,0,1,APPROVE
PROPERTY,164389.38,0.794,0.683,15,0,0,2,ESCALATE
AUTO,54123.48,0.792,0.71,63,0,0,2,ESCALATE
AUTO,33785.67,0.966,0.907,11,1,0,0,APPROVE
AUTO,73599.16,0.812,0.8,7,1,0,1,APPROVE
AUTO,87321.34,0.767,0.702,20,1,0,1,ESCALATE
AUTO,179921.49,0.2,0.338,77,0,0,2,REJECT
PROPERTY,99334.77,0.9,0.861,4,1,0,2,APPROVE
PROPERTY,21246.33,0.945,0.873,9,0,0,0,APPROVE
LIFE_DEATH,611182.69,0.238,0.65,43,0,1,6,REJECT
AUTO,54305.8,0.821,0.865,14,1,0,0,APPROVE
PROPERTY,88651.64,0.881,0.965,2,1,0,0,APPROVE
AUTO,27688.11,0.75,0.975,16,0,0,0,APPROVE
PROPERTY,988228.79,0.2,0.277,302,0,0,4,REJECT
AUTO,19884.41,0.896,0.8,6,1,0,0,APPROVE
PROPERTY,259208.91,0.321,0.304,116,0,0,2,REJECT
LIFE_DEATH,543506.74,0.673,0.67,45,1,1,1,ESCALATE
LIFE_DEATH,705922.37,0.2,0.303,191,0,0,3,REJECT
PROPERTY,56931.72,0.926,0.873,2,1,0,0,APPROVE
AUTO,10923.37,0.99,0.914,10,0,0,0,APPROVE
AUTO,30186.76,0.887,0.8,2,1,0,0,APPROVE
AUTO,141869.15,0.274,0.267,42,0,0,3,REJECT
AUTO,21563.45,0.75,0.907,4,0,0,0,APPROVE
PROPERTY,1174420.66,0.229,0.199,71,0,0,4,REJECT
AUTO,254833.43,0.581,0.193,139,0,0,3,REJECT
AUTO,27337.93,0.75,0.985,1,1,0,0,APPROVE
AUTO,16557.23,0.75,0.941,2,1,0,0,APPROVE
PROPERTY,19307.33,0.859,0.949,7,1,0,1,APPROVE
LIFE_DEATH,231367.04,0.89,0.8,8,1,1,0,APPROVE
PROPERTY,443297.57,0.2,0.361,66,0,0,2,REJECT
PROPERTY,80893.38,0.75,0.845,14,1,0,0,APPROVE
PROPERTY,24533.55,0.951,0.889,8,0,0,0,APPROVE
LIFE_DEATH,205470.49,0.885,0.847,2,1,1,0,APPROVE
AUTO,27080.86,0.878,0.965,11,1,0,1,APPROVE
LIFE_DEATH,223143.2,0.885,0.8,3,1,1,0,APPROVE
AUTO,12875.13,0.927,0.936,14,0,0,1,APPROVE
AUTO,28911.72,0.935,0.8,3,0,0,0,APPROVE
AUTO,38120.19,0.75,0.8,6,1,0,0,APPROVE
AUTO,125804.59,0.803,0.657,18,1,0,2,ESCALATE
AUTO,152095.29,0.2,0.15,85,0,0,2,REJECT
AUTO,163667.16,0.398,0.15,92,0,0,4,REJECT
PROPERTY,64738.27,0.75,0.892,5,1,0,0,APPROVE
LIFE_DEATH,154563.89,0.827,0.891,7,0,1,0,APPROVE
AUTO,21194.87,0.842,0.8,3,0,0,0,APPROVE
LIFE_DEATH,166259.08,0.893,0.919,4,0,1,1,APPROVE
PROPERTY,28253.59,0.879,0.964,2,1,0,0,APPROVE
PROPERTY,116924.64,0.801,0.972,28,1,0,0,APPROVE
PROPERTY,338682.01,0.673,0.777,94,0,0,3,ESCALATE
PROPERTY,49315.89,0.762,0.903,7,1,0,0,APPROVE
AUTO,29412.24,0.96,0.8,3,1,0,0,APPROVE
AUTO,15042.54,0.968,0.951,7,1,0,0,APPROVE
AUTO,44664.25,0.916,0.808,16,1,0,1,APPROVE
AUTO,11597.06,0.75,0.881,1,0,0,0,APPROVE
PROPERTY,21679.15,0.807,0.963,11,1,0,0,APPROVE
PROPERTY,69165.63,0.929,0.961,17,1,0,0,APPROVE
LIFE_DEATH,97595.45,0.75,0.932,24,1,1,0,APPROVE
AUTO,6794.12,0.94,0.938,8,1,0,0,APPROVE
AUTO,133239.6,0.7,0.702,21,0,0,1,ESCALATE
PROPERTY,396577.85,0.669,0.228,36,0,0,4,REJECT
PROPERTY,404988.36,0.724,0.736,48,1,0,1,ESCALATE
PROPERTY,73628.93,0.75,0.8,16,1,0,0,APPROVE
AUTO,274954.68,0.2,0.408,76,0,0,5,REJECT
AUTO,416287.23,0.2,0.15,135,0,0,3,REJECT
PROPERTY,557286.84,0.653,0.794,14,0,0,2,ESCALATE
PROPERTY,806274.15,0.2,0.65,33,0,0,6,REJECT
PROPERTY,42288.36,0.811,0.904,26,0,0,2,APPROVE
PROPERTY,23691.66,0.75,0.915,6,1,0,0,APPROVE
AUTO,71753.35,0.659,0.656,53,0,0,1,ESCALATE
PROPERTY,48608.39,0.897,0.928,15,1,0,0,APPROVE
LIFE_DEATH,162359.19,0.849,0.863,12,0,1,0,APPROVE
PROPERTY,670836.55,0.595,0.585,31,0,0,4,REJECT
AUTO,72021.54,0.761,0.645,42,0,0,2,ESCALATE
AUTO,15622.29,0.884,0.8,1,0,0,0,APPROVE
PROPERTY,835081.06,0.491,0.254,71,0,0,2,REJECT
AUTO,28762.93,0.75,0.978,13,1,0,0,APPROVE
PROPERTY,137880.25,0.757,0.614,11,1,0,3,ESCALATE
AUTO,110873.53,0.85,0.761,40,0,0,1,ESCALATE
AUTO,31387.53,0.75,0.909,2,1,0,0,APPROVE
AUTO,7068.77,0.861,0.849,26,1,0,0,APPROVE
LIFE_DEATH,206472.84,0.966,0.86,60,0,1,0,APPROVE
AUTO,69241.96,0.75,0.823,7,1,0,0,APPROVE
LIFE_DEATH,181660.57,0.75,0.918,8,1,1,0,APPROVE
PROPERTY,821552.57,0.2,0.3,80,0,0,4,REJECT
AUTO,251823.31,0.414,0.15,77,0,0,3,REJECT
AUTO,35553.01,0.83,0.816,5,1,0,0,APPROVE
PROPERTY,263588.47,0.794,0.667,76,0,0,1,ESCALATE
PROPERTY,482324.12,0.718,0.759,35,0,0,2,ESCALATE
AUTO,31162.48,0.895,0.95,8,1,0,1,APPROVE
PROPERTY,27240.81,0.99,0.865,15,0,0,0,APPROVE
AUTO,9744.04,0.867,0.892,1,0,0,1,APPROVE
AUTO,18867.32,0.867,0.963,6,1,0,1,APPROVE
AUTO,45772.35,0.946,0.908,1,1,0,2,APPROVE
LIFE_DEATH,206464.6,0.75,0.938,4,1,1,0,APPROVE
AUTO,31839.69,0.975,0.956,10,1,0,0,APPROVE
LIFE_DEATH,192862.14,0.882,0.946,6,0,1,2,APPROVE
PROPERTY,445717.58,0.239,0.227,45,0,0,5,REJECT
AUTO,22121.56,0.904,0.93,1,1,0,1,APPROVE
AUTO,17298.14,0.846,0.8,14,1,0,0,APPROVE
LIFE_DEATH,787058.87,0.702,0.644,31,0,1,1,ESCALATE
AUTO,6020.92,0.942,0.878,4,1,0,1,APPROVE
AUTO,51271.9,0.97,0.8,6,1,0,1,APPROVE
PROPERTY,54959.19,0.907,0.8,3,1,0,0,APPROVE
AUTO,359464.43,0.232,0.15,147,0,0,3,REJECT
AUTO,5385.06,0.886,0.84,1,1,0,1,APPROVE
LIFE_DEATH,298292.7,0.768,0.935,8,0,1,0,APPROVE
AUTO,73914.28,0.983,0.887,8,1,0,1,APPROVE
AUTO,52382.56,0.657,0.82,88,0,0,2,ESCALATE
PROPERTY,86737.34,0.963,0.817,4,1,0,0,APPROVE
PROPERTY,1126751.47,0.2,0.201,45,0,0,6,REJECT
PROPERTY,457624.21,0.75,0.688,44,0,0,1,ESCALATE
AUTO,132068.73,0.652,0.654,54,1,0,1,ESCALATE
PROPERTY,544197.21,0.702,0.743,13,1,0,3,ESCALATE
PROPERTY,521308.87,0.2,0.296,45,0,0,3,REJECT
LIFE_DEATH,53749.63,0.75,0.839,11,0,1,0,APPROVE
LIFE_DEATH,109358.37,0.815,0.908,7,0,1,0,APPROVE
AUTO,27052.75,0.75,0.923,20,0,0,0,APPROVE
PROPERTY,33951.85,0.975,0.894,15,0,0,1,APPROVE
AUTO,21886.06,0.82,0.835,5,1,0,0,APPROVE
LIFE_DEATH,1465902.06,0.449,0.169,284,0,0,6,REJECT
PROPERTY,126900.56,0.833,0.677,13,0,0,1,ESCALATE
AUTO,47594.6,0.988,0.914,7,1,0,0,APPROVE
LIFE_DEATH,293372.24,0.927,0.939,6,1,1,0,APPROVE
AUTO,40862.16,0.948,0.961,25,1,0,0,APPROVE
AUTO,26635.42,0.93,0.861,1,1,0,0,APPROVE
PROPERTY,31139.34,0.848,0.93,29,1,0,0,APPROVE
AUTO,15133.32,0.971,0.8,6,1,0,0,APPROVE
PROPERTY,236344.52,0.689,0.657,38,0,0,2,ESCALATE
PROPERTY,420768.18,0.744,0.69,54,0,0,3,ESCALATE
LIFE_DEATH,407412.06,0.754,0.721,31,0,1,2,ESCALATE
PROPERTY,46022.8,0.884,0.923,2,0,0,0,APPROVE
AUTO,216127.29,0.2,0.494,52,0,0,3,REJECT
LIFE_DEATH,238077.74,0.903,0.924,4,1,1,1,APPROVE
PROPERTY,32324.41,0.944,0.823,8,1,0,0,APPROVE
AUTO,6559.62,0.99,0.929,1,1,0,0,APPROVE
LIFE_DEATH,135353.06,0.802,0.8,7,0,1,2,APPROVE
AUTO,32576.97,0.853,0.989,3,1,0,0,APPROVE
PROPERTY,1053371.01,0.2,0.15,74,0,0,3,REJECT
PROPERTY,38514.23,0.75,0.949,1,1,0,0,APPROVE
LIFE_DEATH,563966.64,0.69,0.694,12,0,1,2,ESCALATE
PROPERTY,569766.43,0.292,0.15,66,0,0,3,REJECT
AUTO,13006.47,0.933,0.99,3,0,0,0,APPROVE
AUTO,338622.34,0.347,0.15,42,0,0,6,REJECT
PROPERTY,1164626.24,0.309,0.403,213,0,0,2,REJECT
PROPERTY,29601.21,0.795,0.922,3,1,0,0,APPROVE
LIFE_DEATH,704242.95,0.734,0.721,63,0,1,1,ESCALATE
AUTO,14370.78,0.896,0.976,10,0,0,0,APPROVE
PROPERTY,49662.36,0.82,0.924,20,0,0,1,APPROVE
PROPERTY,268409.09,0.253,0.563,67,0,0,5,REJECT
AUTO,47351.73,0.971,0.911,2,1,0,1,APPROVE
AUTO,182093.31,0.258,0.195,191,0,0,6,REJECT
LIFE_DEATH,112878.26,0.834,0.857,1,1,1,0,APPROVE
AUTO,19865.56,0.75,0.965,4,0,0,0,APPROVE
AUTO,23085.19,0.75,0.941,6,0,0,0,APPROVE
AUTO,11703.25,0.75,0.921,8,1,0,2,APPROVE
PROPERTY,652185.67,0.467,0.211,44,0,0,6,REJECT
LIFE_DEATH,506493.26,0.484,0.346,201,0,0,4,REJECT
AUTO,17547.89,0.916,0.976,2,1,0,0,APPROVE
AUTO,236710.39,0.68,0.47,50,0,0,3,REJECT
PROPERTY,39305.25,0.849,0.8,4,0,0,1,APPROVE
PROPERTY,81092.26,0.907,0.956,13,1,0,0,APPROVE
PROPERTY,51307.77,0.845,0.8,30,1,0,1,APPROVE
AUTO,9244.38,0.75,0.908,2,1,0,0,APPROVE
PROPERTY,46509.56,0.926,0.9,4,0,0,0,APPROVE
LIFE_DEATH,181027.89,0.75,0.844,1,1,1,0,APPROVE
AUTO,5649.63,0.808,0.949,9,1,0,0,APPROVE
AUTO,10883.77,0.955,0.992,3,1,0,1,APPROVE
LIFE_DEATH,123981.59,0.75,0.85,1,1,1,0,APPROVE
AUTO,26899.61,0.951,0.995,2,1,0,0,APPROVE
PROPERTY,612193.7,0.2,0.23,126,0,0,2,REJECT
AUTO,53530.91,0.804,0.896,5,1,0,0,APPROVE
PROPERTY,42795.83,0.75,0.949,28,1,0,0,APPROVE
PROPERTY,550744.76,0.773,0.68,21,0,0,1,ESCALATE
PROPERTY,54341.95,0.946,0.984,7,1,0,0,APPROVE
AUTO,31476.48,0.75,0.993,10,1,0,0,APPROVE
AUTO,79510.63,0.625,0.666,58,1,0,2,ESCALATE
PROPERTY,16890.5,0.76,0.938,1,0,0,0,APPROVE
PROPERTY,353938.61,0.642,0.759,21,0,0,2,ESCALATE
PROPERTY,44944.48,0.75,0.947,1,1,0,0,APPROVE
AUTO,28502.82,0.921,0.96,4,1,0,0,APPROVE
AUTO,16494.74,0.75,0.856,11,1,0,1,APPROVE
AUTO,293099.27,0.275,0.58,152,0,0,3,REJECT
PROPERTY,70805.88,0.893,0.889,11,1,0,0,APPROVE
PROPERTY,37066.95,0.965,0.906,17,0,0,0,APPROVE
LIFE_DEATH,219665.02,0.895,0.967,19,1,1,0,APPROVE
PROPERTY,24041.54,0.966,0.827,22,0,0,0,APPROVE
PROPERTY,77783.02,0.99,0.8,22,1,0,2,APPROVE
PROPERTY,984638.44,0.2,0.391,39,0,0,6,REJECT
AUTO,268333.38,0.277,0.163,42,0,0,4,REJECT
AUTO,9430.44,0.75,0.964,5,0,0,0,APPROVE
PROPERTY,18064.86,0.882,0.8,16,1,0,1,APPROVE
LIFE_DEATH,297391.2,0.75,0.915,1,1,1,1,APPROVE
AUTO,22373.94,0.965,0.958,3,1,0,0,APPROVE
PROPERTY,780723.34,0.2,0.15,38,0,0,6,REJECT
AUTO,30579.72,0.875,0.993,1,1,0,0,APPROVE
PROPERTY,33222.16,0.75,0.904,13,1,0,0,APPROVE
AUTO,112761.93,0.627,0.613,18,1,0,2,ESCALATE
AUTO,47191.94,0.75,0.8,1,1,0,0,APPROVE
AUTO,4591.98,0.987,0.94,20,1,0,0,APPROVE
PROPERTY,361929.83,0.85,0.809,62,0,0,2,ESCALATE
PROPERTY,79135.73,0.75,0.935,4,1,0,0,APPROVE
AUTO,32207.47,0.952,0.909,7,1,0,1,APPROVE
AUTO,14597.99,0.828,0.941,24,1,0,1,APPROVE
PROPERTY,696920.9,0.68,0.306,118,0,0,2,REJECT
LIFE_DEATH,345828.39,0.731,0.58,23,0,1,2,ESCALATE
AUTO,27559.97,0.851,0.927,19,1,0,0,APPROVE
PROPERTY,76958.09,0.943,0.924,18,1,0,0,APPROVE
AUTO,368523.47,0.332,0.304,72,0,0,2,REJECT
AUTO,348030.81,0.627,0.184,318,0,0,4,REJECT
AUTO,38393.88,0.989,0.8,4,1,0,0,APPROVE
PROPERTY,22449.53,0.935,0.8,44,1,0,2,APPROVE
LIFE_DEATH,741295.48,0.393,0.15,51,0,1,4,REJECT
LIFE_DEATH,149649.92,0.807,0.956,1,1,1,0,APPROVE
AUTO,171740.14,0.641,0.387,93,0,0,4,REJECT
PROPERTY,92287.19,0.93,0.942,8,1,0,0,APPROVE
LIFE_DEATH,747906.72,0.76,0.712,29,1,1,1,ESCALATE
AUTO,404574.13,0.452,0.192,76,0,0,5,REJECT
AUTO,26109.17,0.929,0.811,1,1,0,2,APPROVE
LIFE_DEATH,919062.05,0.2,0.362,218,0,0,4,REJECT
AUTO,19097.98,0.767,0.948,8,1,0,1,APPROVE
AUTO,430635.76,0.2,0.448,72,0,0,4,REJECT
PROPERTY,98560.54,0.828,0.967,5,1,0,0,APPROVE
PROPERTY,51374.98,0.756,0.896,16,1,0,0,APPROVE
AUTO,7188.87,0.75,0.918,14,0,0,0,APPROVE
LIFE_DEATH,558012.1,0.288,0.315,50,0,0,4,REJECT
AUTO,213975.0,0.471,0.231,168,0,0,3,REJECT
PROPERTY,118810.65,0.808,0.958,11,1,0,0,APPROVE
AUTO,6880.47,0.971,0.907,2,1,0,0,APPROVE
PROPERTY,75774.18,0.941,0.971,7,1,0,0,APPROVE
LIFE_DEATH,222910.85,0.99,0.941,1,1,1,0,APPROVE
AUTO,388475.05,0.289,0.15,35,0,0,4,REJECT
PROPERTY,427127.23,0.6,0.669,120,1,0,2,ESCALATE
AUTO,50788.94,0.824,0.961,1,1,0,1,APPROVE
AUTO,294794.65,0.231,0.328,50,0,0,2,REJECT
LIFE_DEATH,255806.59,0.892,0.973,13,0,1,2,APPROVE
AUTO,321788.19,0.357,0.413,57,0,0,4,REJECT
PROPERTY,41862.97,0.89,0.984,13,1,0,0,APPROVE
AUTO,34686.22,0.75,0.985,2,1,0,0,APPROVE
AUTO,28702.09,0.75,0.97,2,0,0,1,APPROVE
AUTO,19460.39,0.861,0.85,1,0,0,0,APPROVE
PROPERTY,51824.12,0.873,0.964,1,1,0,0,APPROVE
AUTO,58238.49,0.647,0.628,13,0,0,1,ESCALATE
LIFE_DEATH,505552.17,0.702,0.75,14,1,1,1,ESCALATE
AUTO,47734.83,0.6,0.69,45,1,0,1,ESCALATE
PROPERTY,498883.2,0.2,0.256,61,0,0,6,REJECT
AUTO,75040.74,0.733,0.816,10,1,0,1,ESCALATE
PROPERTY,1132400.32,0.413,0.389,120,0,0,4,REJECT
AUTO,19362.76,0.877,0.949,5,1,0,0,APPROVE
LIFE_DEATH,239155.7,0.809,0.961,27,0,1,0,APPROVE
LIFE_DEATH,240251.5,0.75,0.931,4,0,1,0,APPROVE
LIFE_DEATH,1302684.48,0.2,0.267,56,0,0,3,REJECT
PROPERTY,86026.77,0.752,0.993,16,1,0,0,APPROVE
PROPERTY,98971.14,0.962,0.967,26,1,0,1,APPROVE
AUTO,32500.44,0.94,0.943,2,1,0,0,APPROVE
AUTO,14679.93,0.967,0.942,1,1,0,0,APPROVE
AUTO,149340.99,0.68,0.661,19,0,0,2,ESCALATE
LIFE_DEATH,1299469.24,0.34,0.341,217,0,0,3,REJECT
LIFE_DEATH,570565.69,0.2,0.377,34,0,0,2,REJECT
AUTO,378210.32,0.305,0.15,121,0,0,3,REJECT
PROPERTY,18992.82,0.987,0.832,1,0,0,0,APPROVE
AUTO,69901.79,0.696,0.685,33,0,0,1,ESCALATE
PROPERTY,62994.83,0.79,0.977,10,1,0,0,APPROVE
PROPERTY,297647.17,0.2,0.161,41,0,0,6,REJECT
AUTO,17652.4,0.948,0.848,1,1,0,0,APPROVE
AUTO,22932.47,0.907,0.8,4,0,0,0,APPROVE
PROPERTY,216143.84,0.67,0.784,83,1,0,2,ESCALATE
AUTO,22700.29,0.84,0.985,2,1,0,0,APPROVE
AUTO,425440.41,0.2,0.15,66,0,0,4,REJECT
PROPERTY,28976.8,0.914,0.8,10,1,0,0,APPROVE
PROPERTY,46703.02,0.974,0.921,5,1,0,1,APPROVE
AUTO,68518.68,0.664,0.813,28,0,0,1,ESCALATE
AUTO,12156.21,0.968,0.908,14,1,0,0,APPROVE
AUTO,244774.23,0.2,0.48,40,0,0,3,REJECT
PROPERTY,67645.65,0.974,0.924,1,1,0,0,APPROVE
LIFE_DEATH,238328.23,0.778,0.944,4,0,1,0,APPROVE
AUTO,31813.6,0.935,0.983,1,1,0,0,APPROVE
AUTO,12190.18,0.75,0.925,5,1,0,2,APPROVE
LIFE_DEATH,147640.53,0.941,0.915,14,0,1,0,APPROVE
LIFE_DEATH,60537.6,0.841,0.911,1,1,1,0,APPROVE
PROPERTY,85911.37,0.957,0.8,1,1,0,0,APPROVE
AUTO,23536.07,0.846,0.8,1,0,0,2,APPROVE
PROPERTY,60042.66,0.897,0.998,11,1,0,0,APPROVE
AUTO,38479.86,0.848,0.953,5,1,0,1,APPROVE
AUTO,29036.9,0.814,0.843,45,1,0,0,APPROVE
LIFE_DEATH,235886.07,0.964,0.839,10,0,1,1,APPROVE
PROPERTY,287464.53,0.761,0.674,35,0,0,1,ESCALATE
PROPERTY,235526.93,0.402,0.468,102,0,0,5,REJECT
LIFE_DEATH,127105.27,0.75,0.985,3,1,1,1,APPROVE
PROPERTY,780643.63,0.286,0.324,208,0,0,4,REJECT
LIFE_DEATH,83499.67,0.897,0.926,5,0,1,1,APPROVE
PROPERTY,488579.85,0.635,0.749,16,0,0,2,ESCALATE
AUTO,8056.09,0.863,0.931,21,0,0,0,APPROVE
AUTO,13052.92,0.75,0.856,42,1,0,0,APPROVE
LIFE_DEATH,341835.0,0.714,0.636,27,0,1,1,ESCALATE
LIFE_DEATH,1296876.01,0.33,0.15,70,0,1,5,REJECT
PROPERTY,58041.06,0.837,0.823,2,1,0,0,APPROVE
AUTO,232326.42,0.551,0.15,33,0,0,3,REJECT
PROPERTY,42597.04,0.937,0.946,8,1,0,1,APPROVE
AUTO,43163.39,0.786,0.8,5,1,0,1,APPROVE
AUTO,21701.07,0.919,0.979,3,0,0,0,APPROVE
AUTO,43578.26,0.768,0.769,22,1,0,2,ESCALATE
LIFE_DEATH,691520.91,0.767,0.632,54,1,1,1,ESCALATE
AUTO,47099.41,0.786,0.782,120,0,0,1,ESCALATE
AUTO,33747.07,0.919,0.999,1,1,0,0,APPROVE
AUTO,11370.17,0.947,0.919,1,0,0,0,APPROVE
AUTO,8323.65,0.809,0.963,2,0,0,0,APPROVE
AUTO,36000.15,0.901,0.932,1,1,0,0,APPROVE
PROPERTY,85905.52,0.84,0.969,12,1,0,0,APPROVE
AUTO,35675.83,0.772,0.936,20,1,0,0,APPROVE
AUTO,37865.49,0.975,0.944,1,1,0,0,APPROVE
PROPERTY,49532.24,0.95,0.971,11,1,0,0,APPROVE
PROPERTY,34713.24,0.898,0.99,5,0,0,0,APPROVE
PROPERTY,75064.05,0.886,0.939,7,1,0,0,APPROVE
AUTO,390749.92,0.2,0.15,287,0,0,6,REJECT
LIFE_DEATH,262822.21,0.942,0.8,19,0,1,0,APPROVE
AUTO,32729.86,0.908,0.891,9,1,0,2,APPROVE
AUTO,19613.97,0.978,0.997,1,1,0,2,APPROVE
LIFE_DEATH,902098.74,0.322,0.356,115,0,1,2,REJECT
PROPERTY,54609.46,0.887,0.923,4,1,0,1,APPROVE
PROPERTY,60756.63,0.75,0.93,5,1,0,1,APPROVE
PROPERTY,69167.54,0.93,0.967,1,1,0,0,APPROVE
AUTO,32940.99,0.928,0.966,2,1,0,2,APPROVE
AUTO,405614.65,0.491,0.263,54,0,0,2,REJECT
PROPERTY,633934.47,0.317,0.351,34,0,0,5,REJECT
AUTO,41583.49,0.808,0.976,7,1,0,0,APPROVE
LIFE_DEATH,282681.45,0.803,0.915,9,1,1,1,APPROVE
AUTO,8654.85,0.965,0.998,4,1,0,0,APPROVE
PROPERTY,204978.39,0.287,0.272,94,0,0,5,REJECT
AUTO,24486.63,0.959,0.913,15,1,0,2,APPROVE
PROPERTY,52252.49,0.911,0.953,1,1,0,0,APPROVE
AUTO,17515.6,0.883,0.914,13,1,0,0,APPROVE
AUTO,6542.81,0.845,0.903,1,0,0,0,APPROVE
PROPERTY,33342.76,0.753,0.917,11,0,0,0,APPROVE
PROPERTY,182891.89,0.704,0.82,11,1,0,1,ESCALATE
LIFE_DEATH,82188.61,0.788,0.828,11,0,1,0,APPROVE
PROPERTY,39041.98,0.75,0.909,7,1,0,0,APPROVE
PROPERTY,684117.49,0.257,0.276,109,0,0,2,REJECT
PROPERTY,1028160.36,0.2,0.15,37,0,0,3,REJECT
LIFE_DEATH,258892.93,0.846,0.89,1,1,1,0,APPROVE
LIFE_DEATH,1379362.48,0.2,0.236,78,0,0,2,REJECT
LIFE_DEATH,585594.0,0.695,0.666,36,1,1,2,ESCALATE
PROPERTY,38963.27,0.979,0.813,20,0,0,0,APPROVE
LIFE_DEATH,194582.28,0.809,0.88,21,0,1,2,APPROVE
AUTO,20173.65,0.883,0.884,6,1,0,1,APPROVE
AUTO,14603.74,0.937,0.895,1,1,0,0,APPROVE
LIFE_DEATH,1497120.74,0.2,0.628,74,0,0,3,REJECT
AUTO,29918.62,0.75,0.915,7,1,0,1,APPROVE
LIFE_DEATH,384222.29,0.699,0.762,18,0,1,3,ESCALATE
AUTO,14685.79,0.953,0.949,2,0,0,1,APPROVE
AUTO,32432.57,0.75,0.843,54,1,0,0,APPROVE
AUTO,352675.58,0.2,0.366,37,0,0,4,REJECT
AUTO,292972.75,0.216,0.242,46,0,0,3,REJECT
AUTO,104860.23,0.517,0.15,40,0,0,4,REJECT
LIFE_DEATH,255620.14,0.768,0.985,4,1,1,0,APPROVE
PROPERTY,309336.52,0.816,0.633,28,1,0,1,ESCALATE
LIFE_DEATH,736883.44,0.305,0.15,74,0,0,2,REJECT
AUTO,32876.28,0.75,0.989,1,1,0,0,APPROVE
LIFE_DEATH,162079.76,0.778,0.8,1,1,1,0,APPROVE
AUTO,18443.11,0.948,0.866,26,1,0,0,APPROVE
AUTO,16604.43,0.883,0.975,23,1,0,2,APPROVE
AUTO,23874.55,0.75,0.945,6,0,0,0,APPROVE
AUTO,26785.49,0.968,0.981,14,0,0,0,APPROVE
AUTO,10730.54,0.755,0.914,8,0,0,0,APPROVE
AUTO,21688.69,0.862,0.879,7,1,0,0,APPROVE
AUTO,16036.64,0.843,0.939,2,0,0,0,APPROVE
LIFE_DEATH,556576.41,0.85,0.715,73,1,1,1,ESCALATE
AUTO,115707.52,0.774,0.638,42,1,0,1,ESCALATE
AUTO,37083.18,0.75,0.8,7,1,0,0,APPROVE
PROPERTY,304095.89,0.692,0.728,28,0,0,2,ESCALATE
AUTO,26468.78,0.899,0.8,11,1,0,0,APPROVE
AUTO,29641.48,0.959,0.8,3,1,0,0,APPROVE
AUTO,127278.84,0.715,0.707,45,0,0,2,ESCALATE
AUTO,18672.12,0.971,0.883,1,1,0,0,APPROVE
AUTO,35055.54,0.75,0.912,8,1,0,2,APPROVE
PROPERTY,415349.9,0.673,0.665,15,1,0,2,ESCALATE
PROPERTY,102327.79,0.653,0.675,12,0,0,1,ESCALATE
LIFE_DEATH,1326713.05,0.2,0.188,33,0,0,4,REJECT
PROPERTY,72458.05,0.883,0.918,8,1,0,0,APPROVE
PROPERTY,61149.0,0.99,0.833,4,1,0,0,APPROVE
AUTO,32227.52,0.821,0.899,12,1,0,1,APPROVE
PROPERTY,286924.08,0.519,0.225,48,0,0,3,REJECT
PROPERTY,540403.52,0.294,0.328,145,0,0,3,REJECT
PROPERTY,368995.71,0.736,0.611,10,1,0,1,ESCALATE
LIFE_DEATH,1224819.85,0.543,0.284,102,0,1,6,REJECT
PROPERTY,1008302.98,0.4,0.375,31,0,0,6,REJECT
AUTO,13228.71,0.789,0.89,33,1,0,0,APPROVE
LIFE_DEATH,80829.62,0.75,0.984,16,0,1,1,APPROVE
AUTO,16245.74,0.934,0.864,22,1,0,1,APPROVE
PROPERTY,522658.24,0.742,0.739,19,0,0,1,ESCALATE
AUTO,12787.89,0.786,0.8,32,1,0,1,APPROVE
LIFE_DEATH,400241.63,0.85,0.729,21,0,1,1,ESCALATE
PROPERTY,67312.38,0.962,0.802,13,1,0,2,APPROVE
LIFE_DEATH,273127.85,0.75,0.968,8,1,1,0,APPROVE
AUTO,17049.15,0.794,0.946,2,1,0,2,APPROVE
PROPERTY,410068.58,0.756,0.629,36,0,0,1,ESCALATE
AUTO,258897.33,0.26,0.376,128,0,0,4,REJECT
LIFE_DEATH,615659.75,0.646,0.723,81,1,1,2,ESCALATE
PROPERTY,39020.5,0.953,0.969,1,1,0,0,APPROVE
PROPERTY,333801.76,0.678,0.679,16,1,0,2,ESCALATE
AUTO,75222.66,0.2,0.553,121,0,0,2,REJECT
PROPERTY,131563.6,0.81,0.985,5,1,0,0,APPROVE
AUTO,437996.1,0.271,0.284,70,0,0,3,REJECT
LIFE_DEATH,127443.12,0.828,0.942,7,0,1,1,APPROVE
PROPERTY,246285.3,0.655,0.693,89,0,0,3,ESCALATE
AUTO,41017.25,0.822,0.894,1,1,0,0,APPROVE
LIFE_DEATH,1200493.21,0.532,0.557,211,0,1,2,REJECT
AUTO,336265.74,0.222,0.266,87,0,0,5,REJECT
PROPERTY,452801.31,0.771,0.668,69,1,0,2,ESCALATE
PROPERTY,73681.31,0.765,0.8,10,1,0,0,APPROVE
LIFE_DEATH,378786.53,0.606,0.58,37,1,1,2,ESCALATE
PROPERTY,40816.19,0.83,0.822,3,0,0,0,APPROVE
AUTO,27349.19,0.873,0.986,34,1,0,0,APPROVE
AUTO,42475.58,0.839,0.883,9,1,0,0,APPROVE
PROPERTY,61543.56,0.791,0.982,3,1,0,0,APPROVE
AUTO,321115.89,0.342,0.217,110,0,0,3,REJECT
LIFE_DEATH,50197.38,0.873,0.964,3,1,1,0,APPROVE
AUTO,22297.85,0.844,0.8,1,0,0,0,APPROVE
AUTO,228016.94,0.213,0.273,37,0,0,5,REJECT
PROPERTY,980746.02,0.36,0.218,32,0,0,2,REJECT
AUTO,129187.13,0.638,0.643,14,0,0,2,ESCALATE
AUTO,20814.47,0.913,0.813,7,0,0,0,APPROVE
PROPERTY,83237.82,0.977,0.94,9,1,0,0,APPROVE
LIFE_DEATH,794088.45,0.85,0.626,16,0,1,1,ESCALATE
AUTO,343159.1,0.209,0.168,41,0,0,3,REJECT
PROPERTY,647200.16,0.371,0.332,299,0,0,2,REJECT
LIFE_DEATH,662169.34,0.7,0.624,38,0,1,2,ESCALATE
LIFE_DEATH,193948.12,0.862,0.998,1,1,1,0,APPROVE
AUTO,24812.08,0.757,0.967,32,0,0,0,APPROVE
LIFE_DEATH,1155577.14,0.338,0.15,71,0,1,4,REJECT
PROPERTY,40787.81,0.835,0.954,24,1,0,0,APPROVE
LIFE_DEATH,324340.1,0.714,0.679,26,0,1,1,ESCALATE
LIFE_DEATH,197606.53,0.948,0.825,1,1,1,0,APPROVE
PROPERTY,504390.77,0.707,0.714,14,1,0,1,ESCALATE
PROPERTY,665836.56,0.451,0.177,125,0,0,3,REJECT
LIFE_DEATH,218696.58,0.75,0.948,3,1,1,0,APPROVE
PROPERTY,1023692.73,0.372,0.419,69,0,0,2,REJECT
PROPERTY,31292.81,0.795,0.8,25,1,0,0,APPROVE
AUTO,91786.99,0.645,0.706,58,0,0,1,ESCALATE
LIFE_DEATH,1321343.75,0.409,0.353,47,0,0,3,REJECT
AUTO,103277.67,0.441,0.507,72,0,0,4,REJECT
AUTO,35673.67,0.75,0.891,1,1,0,1,APPROVE
LIFE_DEATH,744380.79,0.687,0.752,11,1,1,1,ESCALATE
AUTO,70551.12,0.384,0.65,66,0,0,2,REJECT
LIFE_DEATH,260274.04,0.914,0.904,11,1,1,2,APPROVE
PROPERTY,936181.04,0.39,0.309,113,0,0,3,REJECT
PROPERTY,1143080.84,0.68,0.521,169,0,0,3,REJECT
AUTO,52019.98,0.902,0.847,15,1,0,0,APPROVE
AUTO,382605.61,0.2,0.323,44,0,0,5,REJECT
LIFE_DEATH,979321.18,0.2,0.381,54,0,1,3,REJECT
LIFE_DEATH,81951.46,0.99,0.842,9,1,1,0,APPROVE
LIFE_DEATH,554002.53,0.64,0.747,58,0,1,1,ESCALATE
AUTO,16802.42,0.75,0.82,10,0,0,0,APPROVE
AUTO,205627.66,0.299,0.187,105,0,0,4,REJECT
LIFE_DEATH,189427.21,0.99,0.874,9,0,1,0,APPROVE
AUTO,17040.88,0.75,0.96,1,1,0,0,APPROVE
PROPERTY,100188.26,0.914,0.823,36,1,0,2,APPROVE
LIFE_DEATH,436975.74,0.72,0.659,21,0,1,1,ESCALATE
PROPERTY,253178.47,0.427,0.365,37,0,0,4,REJECT
AUTO,7063.33,0.75,0.884,2,0,0,1,APPROVE
AUTO,19281.42,0.896,0.886,5,1,0,0,APPROVE
PROPERTY,30709.62,0.959,0.901,1,0,0,0,APPROVE
LIFE_DEATH,243621.4,0.957,0.8,4,0,1,1,APPROVE
AUTO,33261.72,0.919,0.967,1,1,0,0,APPROVE
AUTO,63809.51,0.882,0.991,2,1,0,1,APPROVE
PROPERTY,68754.09,0.87,0.984,1,1,0,0,APPROVE
PROPERTY,403238.92,0.713,0.639,23,1,0,1,ESCALATE
AUTO,14289.58,0.884,0.933,3,0,0,0,APPROVE
PROPERTY,495571.18,0.2,0.266,159,0,0,5,REJECT
AUTO,131269.99,0.536,0.332,61,0,0,4,REJECT
PROPERTY,794716.19,0.319,0.15,107,0,0,6,REJECT
LIFE_DEATH,432874.65,0.823,0.652,40,1,1,2,ESCALATE
AUTO,17939.33,0.918,0.908,16,0,0,0,APPROVE
PROPERTY,638252.11,0.575,0.186,31,0,0,4,REJECT
PROPERTY,725070.01,0.541,0.254,60,0,0,5,REJECT
AUTO,15090.19,0.948,0.95,33,0,0,0,APPROVE
AUTO,262840.25,0.2,0.15,47,0,0,6,REJECT
AUTO,87099.69,0.822,0.714,17,0,0,2,ESCALATE
AUTO,12895.3,0.935,0.866,2,1,0,0,APPROVE
AUTO,34511.62,0.898,0.911,3,1,0,0,APPROVE
AUTO,104448.89,0.805,0.705,34,0,0,1,ESCALATE
AUTO,28292.69,0.922,0.8,1,0,0,0,APPROVE
AUTO,112030.19,0.59,0.279,37,0,0,6,REJECT
LIFE_DEATH,273675.47,0.853,0.891,8,1,1,0,APPROVE
PROPERTY,359743.52,0.823,0.771,32,1,0,2,ESCALATE
PROPERTY,206128.29,0.227,0.15,71,0,0,4,REJECT
AUTO,233150.24,0.68,0.15,79,0,0,2,REJECT
AUTO,39373.47,0.75,0.8,6,1,0,1,APPROVE
AUTO,42186.32,0.698,0.742,18,0,0,1,ESCALATE
PROPERTY,598513.84,0.257,0.406,31,0,0,3,REJECT
PROPERTY,606956.95,0.362,0.319,41,0,0,3,REJECT
PROPERTY,222692.65,0.75,0.973,1,1,0,0,APPROVE
PROPERTY,36158.73,0.964,0.917,8,0,0,0,APPROVE
AUTO,54701.98,0.83,0.828,1,1,0,0,APPROVE
AUTO,41497.45,0.866,0.8,2,1,0,0,APPROVE
PROPERTY,19907.51,0.945,0.962,1,1,0,0,APPROVE
AUTO,12640.48,0.969,0.941,10,1,0,0,APPROVE
AUTO,49924.24,0.911,0.8,1,1,0,0,APPROVE
LIFE_DEATH,299605.31,0.9,0.858,1,0,1,1,APPROVE
LIFE_DEATH,169792.34,0.873,0.983,22,0,1,1,APPROVE
PROPERTY,804539.3,0.2,0.15,52,0,0,4,REJECT
PROPERTY,66271.48,0.75,0.954,1,1,0,0,APPROVE
AUTO,10517.52,0.814,0.8,3,1,0,0,APPROVE
AUTO,41804.85,0.75,0.936,6,1,0,2,APPROVE
AUTO,34433.44,0.75,0.925,5,1,0,0,APPROVE
LIFE_DEATH,497486.23,0.724,0.769,26,0,1,1,ESCALATE
AUTO,31774.71,0.913,0.933,6,1,0,0,APPROVE
PROPERTY,548211.34,0.2,0.15,74,0,0,4,REJECT
PROPERTY,381738.7,0.54,0.516,148,0,0,4,REJECT
AUTO,268010.28,0.284,0.469,36,0,0,3,REJECT
PROPERTY,56718.94,0.75,0.944,26,1,0,0,APPROVE
LIFE_DEATH,455392.14,0.779,0.635,40,0,1,3,ESCALATE
PROPERTY,267320.42,0.65,0.773,36,0,0,2,ESCALATE
AUTO,251262.33,0.427,0.178,74,0,0,6,REJECT
LIFE_DEATH,245610.41,0.98,0.963,30,1,1,0,APPROVE
PROPERTY,61294.87,0.974,0.832,6,1,0,0,APPROVE
AUTO,279365.64,0.232,0.517,84,0,0,4,REJECT
LIFE_DEATH,657507.71,0.2,0.15,133,0,0,3,REJECT
LIFE_DEATH,1047157.49,0.333,0.461,39,0,0,4,REJECT
PROPERTY,22944.39,0.75,0.866,9,0,0,0,APPROVE
LIFE_DEATH,97336.93,0.877,0.8,1,1,1,0,APPROVE
LIFE_DEATH,286280.61,0.985,0.95,11,1,1,0,APPROVE
AUTO,131876.22,0.2,0.15,63,0,0,4,REJECT
PROPERTY,406733.8,0.791,0.641,24,1,0,2,ESCALATE
AUTO,408231.6,0.219,0.15,60,0,0,6,REJECT
PROPERTY,878051.36,0.2,0.15,84,0,0,3,REJECT
AUTO,20651.72,0.75,0.873,2,0,0,2,APPROVE
LIFE_DEATH,199040.7,0.928,0.973,7,1,1,1,APPROVE
AUTO,13044.35,0.962,0.981,2,1,0,0,APPROVE
AUTO,22512.04,0.96,0.972,7,1,0,0,APPROVE
LIFE_DEATH,86541.34,0.75,0.946,20,1,1,0,APPROVE
AUTO,245596.79,0.2,0.372,116,0,0,3,REJECT
AUTO,15515.66,0.896,0.907,6,1,0,0,APPROVE
AUTO,24191.84,0.904,0.895,6,0,0,0,APPROVE
PROPERTY,70234.23,0.971,0.8,16,1,0,0,APPROVE
AUTO,54861.66,0.936,0.843,1,1,0,0,APPROVE
AUTO,23978.17,0.759,0.893,6,0,0,1,APPROVE
AUTO,86925.0,0.6,0.658,16,0,0,2,ESCALATE
AUTO,25437.99,0.75,0.929,1,0,0,2,APPROVE
LIFE_DEATH,293231.43,0.778,0.919,11,0,1,0,APPROVE
AUTO,42606.5,0.924,0.989,25,1,0,0,APPROVE
AUTO,223868.73,0.2,0.15,211,0,0,4,REJECT
AUTO,123030.75,0.299,0.36,65,0,0,2,REJECT
PROPERTY,478448.44,0.731,0.654,17,0,0,1,ESCALATE
LIFE_DEATH,85016.14,0.865,0.823,3,0,1,0,APPROVE
PROPERTY,769215.27,0.2,0.28,108,0,0,5,REJECT
LIFE_DEATH,153004.43,0.808,0.94,5,0,1,1,APPROVE
AUTO,32733.96,0.878,0.869,3,1,0,0,APPROVE
PROPERTY,853612.82,0.2,0.63,94,0,0,4,REJECT
LIFE_DEATH,124513.05,0.903,0.929,6,0,1,0,APPROVE
AUTO,42360.1,0.663,0.733,41,1,0,2,ESCALATE
LIFE_DEATH,836310.39,0.26,0.15,77,0,0,3,REJECT
AUTO,78844.64,0.663,0.709,109,1,0,3,ESCALATE
PROPERTY,372032.48,0.502,0.376,187,0,0,2,REJECT
PROPERTY,42324.48,0.85,0.874,10,0,0,0,APPROVE
LIFE_DEATH,614148.77,0.771,0.7,49,0,1,1,ESCALATE
AUTO,25218.84,0.886,0.856,1,1,0,1,APPROVE
PROPERTY,514497.63,0.304,0.386,106,0,0,3,REJECT
AUTO,6337.21,0.891,0.8,4,1,0,1,APPROVE
PROPERTY,345007.24,0.222,0.231,33,0,0,2,REJECT
PROPERTY,65345.95,0.75,0.8,5,1,0,0,APPROVE
AUTO,26456.04,0.813,0.932,9,1,0,0,APPROVE
AUTO,182598.61,0.2,0.497,64,0,0,5,REJECT
AUTO,42155.75,0.75,0.942,3,1,0,1,APPROVE
PROPERTY,105197.15,0.81,0.993,11,1,0,0,APPROVE
PROPERTY,52518.66,0.941,0.8,14,1,0,0,APPROVE
PROPERTY,719958.23,0.378,0.301,30,0,0,3,REJECT
AUTO,18596.93,0.966,0.8,20,1,0,1,APPROVE
LIFE_DEATH,168613.29,0.822,0.885,16,1,1,0,APPROVE
PROPERTY,33529.61,0.889,0.8,26,1,0,0,APPROVE
LIFE_DEATH,277595.79,0.649,0.696,23,0,1,1,ESCALATE
PROPERTY,23442.49,0.759,0.841,2,1,0,0,APPROVE
PROPERTY,172506.08,0.739,0.789,54,0,0,1,ESCALATE
PROPERTY,137990.12,0.836,0.98,6,1,0,2,APPROVE
AUTO,22956.72,0.89,0.889,16,0,0,1,APPROVE
PROPERTY,59326.42,0.845,0.968,15,1,0,0,APPROVE
AUTO,12541.24,0.953,0.994,8,1,0,0,APPROVE
AUTO,93299.11,0.686,0.639,20,1,0,2,ESCALATE
PROPERTY,37862.13,0.964,0.836,2,1,0,1,APPROVE
AUTO,16487.43,0.934,0.917,10,1,0,0,APPROVE
PROPERTY,32888.81,0.895,0.943,4,1,0,1,APPROVE
LIFE_DEATH,88518.93,0.785,0.898,2,1,1,1,APPROVE
AUTO,65566.07,0.791,0.623,36,0,0,2,ESCALATE
LIFE_DEATH,66604.1,0.803,0.909,2,1,1,0,APPROVE
LIFE_DEATH,1387207.41,0.261,0.15,124,0,1,2,REJECT
AUTO,9242.22,0.75,0.932,2,1,0,0,APPROVE
PROPERTY,64874.44,0.892,0.881,3,1,0,0,APPROVE
LIFE_DEATH,767942.67,0.607,0.163,199,0,0,5,REJECT
AUTO,14516.45,0.954,0.899,3,0,0,0,APPROVE
PROPERTY,236500.83,0.418,0.302,205,0,0,5,REJECT
AUTO,22929.51,0.75,0.99,4,0,0,0,APPROVE
PROPERTY,44182.91,0.892,0.83,20,0,0,0,APPROVE
AUTO,154876.93,0.437,0.407,32,0,0,3,REJECT
LIFE_DEATH,886343.82,0.2,0.215,58,0,1,3,REJECT
AUTO,52819.85,0.681,0.657,60,0,0,1,ESCALATE
AUTO,15103.18,0.75,0.991,2,1,0,2,APPROVE
PROPERTY,53422.36,0.916,0.892,8,1,0,1,APPROVE
PROPERTY,52075.53,0.816,0.8,1,1,0,1,APPROVE
LIFE_DEATH,197243.15,0.779,0.855,7,0,1,0,APPROVE
LIFE_DEATH,634955.33,0.691,0.82,18,1,1,2,ESCALATE
AUTO,53663.17,0.906,0.857,7,1,0,1,APPROVE
PROPERTY,517063.88,0.2,0.15,57,0,0,5,REJECT
LIFE_DEATH,257138.9,0.75,0.893,20,0,1,0,APPROVE
PROPERTY,297814.57,0.2,0.15,82,0,0,3,REJECT
AUTO,129036.48,0.723,0.662,18,1,0,2,ESCALATE
PROPERTY,41554.5,0.75,0.977,6,0,0,0,APPROVE
PROPERTY,179374.6,0.638,0.58,26,0,0,1,ESCALATE
AUTO,55593.51,0.75,0.979,1,1,0,0,APPROVE
AUTO,140819.1,0.759,0.653,67,0,0,1,ESCALATE
AUTO,366898.8,0.2,0.279,88,0,0,4,REJECT
PROPERTY,61965.78,0.842,0.974,11,1,0,0,APPROVE
PROPERTY,260738.91,0.361,0.159,84,0,0,2,REJECT
LIFE_DEATH,168338.54,0.758,0.925,2,0,1,0,APPROVE
PROPERTY,192882.47,0.289,0.261,103,0,0,3,REJECT
LIFE_DEATH,156046.26,0.829,0.8,12,1,1,0,APPROVE
PROPERTY,86244.49,0.75,0.8,1,1,0,1,APPROVE
AUTO,310325.52,0.2,0.205,46,0,0,2,REJECT
PROPERTY,70478.89,0.912,0.8,4,1,0,0,APPROVE
PROPERTY,1128707.06,0.3,0.15,187,0,0,5,REJECT
AUTO,12814.86,0.944,0.8,1,1,0,0,APPROVE
LIFE_DEATH,197716.57,0.75,0.953,12,1,1,0,APPROVE
AUTO,24250.78,0.823,0.875,16,0,0,0,APPROVE
PROPERTY,430666.08,0.85,0.683,43,1,0,1,ESCALATE
PROPERTY,72095.23,0.836,0.994,17,1,0,0,APPROVE
LIFE_DEATH,287320.29,0.888,0.919,4,0,1,0,APPROVE
PROPERTY,43433.23,0.75,0.963,14,1,0,1,APPROVE
PROPERTY,365616.53,0.702,0.797,23,1,0,2,ESCALATE
LIFE_DEATH,272605.55,0.871,0.8,28,0,1,0,APPROVE
AUTO,24598.48,0.75,0.884,10,0,0,2,APPROVE
LIFE_DEATH,300186.41,0.712,0.58,29,0,1,2,ESCALATE
AUTO,189205.1,0.528,0.206,232,0,0,3,REJECT
LIFE_DEATH,779068.63,0.717,0.772,17,1,1,2,ESCALATE
AUTO,20659.74,0.885,0.957,1,1,0,1,APPROVE
AUTO,183230.33,0.399,0.15,224,0,0,2,REJECT
AUTO,17902.67,0.934,0.8,5,1,0,0,APPROVE
PROPERTY,259279.13,0.692,0.673,64,0,0,2,ESCALATE
LIFE_DEATH,122439.9,0.96,0.9,5,0,1,0,APPROVE
AUTO,51044.49,0.896,0.949,4,1,0,1,APPROVE
AUTO,40263.57,0.963,0.864,5,1,0,0,APPROVE
LIFE_DEATH,143076.77,0.848,0.8,1,0,1,0,APPROVE
PROPERTY,292246.79,0.757,0.725,31,0,0,1,ESCALATE
PROPERTY,279032.18,0.2,0.541,87,0,0,4,REJECT
PROPERTY,13014.86,0.942,0.958,2,0,0,0,APPROVE
AUTO,21931.48,0.923,0.839,8,0,0,1,APPROVE
PROPERTY,75792.07,0.75,0.9,13,1,0,0,APPROVE
LIFE_DEATH,199407.25,0.815,0.8,14,1,1,0,APPROVE
